run_date,symbol,role,latest_date,rows,classification,passed_checks,total_checks,score_pct,failed_checks,reason,market_ok,trend_ok,setup_ok,signal_ok,enough_data,indicators_ok,price_ok,volume_ok,close_above_sma200,sma50_above_sma200,distance_sma50_ok,pullback_ok,bullish_turn_ok,close_upper_half,recent_low_near_ema20_or_sma50,recent_close_above_sma50,recent_correction_ok,qty_ok,risk_per_share_ok,close,ema20,sma50,sma200,atr14,avg_vol20,dist_sma50_pct,entry_stop,stop_loss,risk_per_share,target_2r,qty,max_allowed_open_price
2026-06-14,AAPL,candidate,2026-06-12,254,almost_valid,11,12,91.67,bullish_turn_ok,"Tiene tendencia y parte del setup, pero le falta alguna condición final.",True,True,False,False,True,True,True,True,True,True,True,True,False,False,True,True,True,True,True,291.13,299.1441,285.3621,266.4564,7.5914,50484990.0,0.0202,297.4372,288.8609,8.5763,314.5898,5.0,300.4115
2026-06-14,AMZN,candidate,2026-06-12,254,almost_valid,11,12,91.67,pullback_ok,"Tiene tendencia y parte del setup, pero le falta alguna condición final.",True,True,False,False,True,True,True,True,True,True,True,False,True,True,True,False,True,True,True,238.55,252.9245,254.7736,232.5094,7.7643,41739825.0,-0.0637,243.6034,232.8136,10.7898,265.1829,4.0,246.0394
2026-06-14,BBVA.MC,candidate,2026-06-12,258,almost_valid,11,12,91.67,pullback_ok,"Tiene tendencia y parte del setup, pero le falta alguna condición final.",True,True,False,False,True,True,True,True,True,True,True,False,True,True,True,True,False,True,True,20.09,19.4862,19.2139,18.117,0.4371,8658499.2,0.0456,20.2602,19.7313,0.529,21.3181,94.0,20.4628
2026-06-14,CABK.MC,candidate,2026-06-12,258,rejected,10,12,83.33,"distance_sma50_ok,pullback_ok",No cumple los filtros mínimos de tendencia/liquidez/precio.,True,False,False,False,True,True,True,True,True,True,False,False,True,True,True,True,False,True,True,11.89,11.3907,10.9688,9.7983,0.2321,6477767.4,0.084,11.9019,11.6668,0.2351,12.3721,212.0,12.0209
2026-06-14,FER.MC,candidate,2026-06-12,258,almost_valid,11,12,91.67,pullback_ok,"Tiene tendencia y parte del setup, pero le falta alguna condición final.",True,True,False,False,True,True,True,True,True,True,True,False,True,True,True,False,False,True,True,58.3,57.623,58.2664,55.3625,1.1957,869247.05,0.0006,58.7987,57.6804,1.1183,61.0354,44.0,59.3867
2026-06-14,GOOGL,candidate,2026-06-12,254,trend_only,10,12,83.33,"pullback_ok,bullish_turn_ok","Cumple tendencia, pero todavía no hay retroceso/vela señal válida.",True,True,False,False,True,True,True,True,True,True,True,False,False,False,True,False,False,True,True,359.68,369.9434,362.0613,307.5641,10.6562,32473505.0,-0.0066,366.9366,353.8744,13.0622,393.061,3.0,370.6059
2026-06-14,IBE.MC,candidate,2026-06-12,258,almost_valid,11,12,91.67,bullish_turn_ok,"Tiene tendencia y parte del setup, pero le falta alguna condición final.",True,True,False,False,True,True,True,True,True,True,True,True,False,True,True,True,True,True,True,20.32,19.8153,19.818,18.3452,0.3332,10077741.5,0.0253,20.4604,20.1267,0.3338,21.128,149.0,20.665
2026-06-14,ITX.MC,candidate,2026-06-12,258,trend_only,10,12,83.33,"pullback_ok,bullish_turn_ok","Cumple tendencia, pero todavía no hay retroceso/vela señal válida.",True,True,False,False,True,True,True,True,True,True,True,False,False,False,False,True,False,True,True,55.94,53.5017,51.9591,50.5786,1.5286,1812426.2,0.0766,57.057,55.6471,1.4099,59.8767,35.0,57.6276
2026-06-14,IWM,candidate,2026-06-12,254,trend_only,10,12,83.33,"pullback_ok,bullish_turn_ok","Cumple tendencia, pero todavía no hay retroceso/vela señal válida.",True,True,False,False,True,True,True,True,True,True,True,False,False,False,True,True,False,True,True,292.95,285.8372,278.2536,256.1894,6.2264,29769180.0,0.0528,296.0157,289.6874,6.3284,308.6725,7.0,298.9759
2026-06-14,META,candidate,2026-06-12,254,rejected,8,12,66.67,"close_above_sma200,sma50_above_sma200,pullback_ok,bullish_turn_ok",No cumple los filtros mínimos de tendencia/liquidez/precio.,True,False,False,False,True,True,True,True,False,False,True,False,False,False,True,False,True,True,True,566.98,599.6528,621.8278,657.4289,20.4929,17736295.0,-0.0882,576.6461,558.8507,17.7953,612.2368,2.0,582.4125
2026-06-14,MSFT,candidate,2026-06-12,254,rejected,9,12,75.0,"close_above_sma200,sma50_above_sma200,pullback_ok",No cumple los filtros mínimos de tendencia/liquidez/precio.,True,False,False,False,True,True,True,True,False,False,True,False,True,True,True,False,True,True,True,390.74,413.7838,411.1971,451.873,13.1579,37883025.0,-0.0498,392.1317,380.9542,11.1775,414.4868,4.0,396.053
2026-06-14,NVDA,candidate,2026-06-12,254,trend_only,10,12,83.33,"pullback_ok,bullish_turn_ok","Cumple tendencia, pero todavía no hay retroceso/vela señal válida.",True,True,False,False,True,True,True,True,True,True,True,False,False,False,True,False,False,True,True,205.19,211.0262,206.7045,189.0373,8.3289,176040070.0,-0.0073,207.2771,202.6071,4.67,216.617,10.0,209.3498
2026-06-14,QQQ,candidate,2026-06-12,254,almost_valid,11,12,91.67,pullback_ok,"Tiene tendencia y parte del setup, pero le falta alguna condición final.",True,True,False,False,True,True,True,True,True,True,True,False,True,True,True,True,False,True,True,721.34,715.248,681.8074,624.4642,15.9636,48341175.0,0.058,724.734,709.6837,15.0503,754.8347,3.0,731.9814
2026-06-14,REP.MC,candidate,2026-06-12,258,almost_valid,11,12,91.67,bullish_turn_ok,"Tiene tendencia y parte del setup, pero le falta alguna condición final.",True,True,False,False,True,True,True,True,True,True,True,True,False,False,True,True,True,True,True,22.72,22.7442,22.2442,17.9898,0.715,2919172.0,0.0214,23.3333,22.2985,1.0348,25.4029,48.0,23.5666
2026-06-14,SAN.MC,candidate,2026-06-12,258,almost_valid,11,12,91.67,pullback_ok,"Tiene tendencia y parte del setup, pero le falta alguna condición final.",True,True,False,False,True,True,True,True,True,True,True,False,True,True,True,True,False,True,True,11.026,10.5869,10.418,9.6115,0.2497,23380044.95,0.0584,11.037,10.703,0.334,11.705,149.0,11.1474
2026-06-14,SPY,market_index,,254,market_ok,0,0,0.0,,Filtro de mercado general usado para permitir/bloquear nuevas entradas.,True,False,False,False,False,False,False,False,False,False,False,False,False,False,False,False,False,False,False,,,,,,,,,,,,,
2026-06-14,TSLA,candidate,2026-06-12,254,rejected,9,12,75.0,"close_above_sma200,sma50_above_sma200,pullback_ok",No cumple los filtros mínimos de tendencia/liquidez/precio.,True,False,False,False,True,True,True,True,False,False,True,False,True,True,True,False,False,True,True,406.43,410.0145,398.3,415.6944,17.7693,47410425.0,0.0204,407.0867,384.9831,22.1036,451.2939,2.0,411.1575
2026-06-16,AAPL,candidate,2026-06-16,253,valid_signal,12,12,100.0,[],Cumple todos los filtros y genera señal operable.,True,True,True,True,True,True,True,True,True,True,True,True,True,True,True,True,True,True,True,298.52,299.0847,286.2188,266.7998,7.8386,48435283.0,0.043,299.0387,293.1861,5.8526,310.7439,8.0,302.0291
2026-06-16,AMZN,candidate,2026-06-16,253,trend_only,10,12,83.33,"[""pullback_ok"", ""bullish_turn_ok""]","Cumple tendencia, pero todavía no hay retroceso/vela señal válida.",True,True,False,False,True,True,True,True,True,True,True,False,False,False,False,False,True,True,True,247.44,252.4021,255.527,232.601,8.0307,40436145.0,-0.0316,249.7595,244.648,5.1115,259.9825,9.0,252.2571
2026-06-16,BBVA.MC,candidate,2026-06-16,257,rejected,11,12,91.67,"[""distance_sma50_ok""]",No cumple los filtros mínimos de tendencia/liquidez/precio.,True,False,True,False,True,True,True,True,True,True,False,True,True,True,True,True,True,True,True,21.1,19.6399,19.2705,18.1489,0.4929,8865000.0,0.0949,21.1211,20.7107,0.4104,21.9419,121.0,21.3323
2026-06-16,CABK.MC,candidate,2026-06-16,257,rejected,11,12,91.67,"[""distance_sma50_ok""]",No cumple los filtros mínimos de tendencia/liquidez/precio.,True,False,True,False,True,True,True,True,True,True,False,True,True,True,True,True,True,True,True,12.31,11.4783,11.0121,9.8194,0.2493,6528356.0,0.1179,12.3223,12.0401,0.2822,12.8868,177.0,12.4455
2026-06-16,FER.MC,candidate,2026-06-16,257,almost_valid,11,12,91.67,"[""pullback_ok""]","Tiene tendencia y parte del setup, pero le falta alguna condición final.",True,True,False,False,True,True,True,True,True,True,True,False,True,True,False,False,True,True,True,59.9,57.8399,58.3223,55.4331,1.27,872583.0,0.0271,60.1201,58.813,1.3071,62.7342,38.0,60.7213
2026-06-16,GOOGL,candidate,2026-06-16,253,almost_valid,11,12,91.67,"[""pullback_ok""]","Tiene tendencia y parte del setup, pero le falta alguna condición final.",True,True,False,False,True,True,True,True,True,True,True,False,True,True,False,False,True,True,True,372.54,370.1907,363.6002,308.3923,11.3358,31995140.0,0.0246,376.2259,365.9414,10.2844,396.7947,4.0,379.9881
2026-06-16,IBE.MC,candidate,2026-06-16,257,valid_signal,12,12,100.0,[],Cumple todos los filtros y genera señal operable.,True,True,True,True,True,True,True,True,True,True,True,True,True,True,True,True,True,True,True,20.58,19.8882,19.8283,18.3688,0.3296,10093748.0,0.0379,20.6606,20.417,0.2436,21.1478,205.0,20.8672
2026-06-16,ITX.MC,candidate,2026-06-16,257,almost_valid,11,12,91.67,"[""bullish_turn_ok""]","Tiene tendencia y parte del setup, pero le falta alguna condición final.",True,True,False,False,True,True,True,True,True,True,True,True,False,False,True,True,True,True,True,55.94,53.7339,52.068,50.6544,1.5414,1792387.0,0.0744,56.7167,55.7659,0.9508,58.6183,52.0,57.2838
2026-06-16,IWM,candidate,2026-06-16,254,almost_valid,11,12,91.67,"[""bullish_turn_ok""]","Tiene tendencia y parte del setup, pero le falta alguna condición final.",True,True,False,False,True,True,True,True,True,True,True,True,False,False,True,True,True,True,True,293.83,286.8018,279.3138,256.1875,6.3541,28371749.0,0.052,297.0868,291.9946,5.0922,307.2712,9.0,300.0577
2026-06-16,META,candidate,2026-06-16,254,rejected,8,12,66.67,"[""close_above_sma200"", ""sma50_above_sma200"", ""pullback_ok"", ""bullish_turn_ok""]",No cumple los filtros mínimos de tendencia/liquidez/precio.,True,False,False,False,True,True,True,True,False,False,True,False,False,False,False,False,True,True,True,595.14,598.2366,622.0961,655.2953,21.1854,17531883.0,-0.0433,606.3858,589.8815,16.5043,639.3945,3.0,612.4497
2026-06-16,MSFT,candidate,2026-06-16,253,rejected,8,12,66.67,"[""close_above_sma200"", ""sma50_above_sma200"", ""pullback_ok"", ""bullish_turn_ok""]",No cumple los filtros mínimos de tendencia/liquidez/precio.,True,False,False,False,True,True,True,True,False,False,True,False,False,False,False,False,True,True,True,392.67,411.773,411.5974,451.3186,13.1114,35957898.0,-0.046,397.2368,389.6188,7.618,412.4728,6.0,401.2092
2026-06-16,NVDA,candidate,2026-06-16,253,trend_only,10,12,83.33,"[""pullback_ok"", ""bullish_turn_ok""]","Cumple tendencia, pero todavía no hay retroceso/vela señal válida.",True,True,False,False,True,True,True,True,True,True,True,False,False,False,False,False,True,True,True,209.611,210.8915,207.3531,189.1786,8.338,169680497.0,0.0109,211.7015,207.6892,4.0123,219.7261,12.0,213.8185
2026-06-16,QQQ,candidate,2026-06-16,254,almost_valid,11,12,91.67,"[""bullish_turn_ok""]","Tiene tendencia y parte del setup, pero le falta alguna condición final.",True,True,False,False,True,True,True,True,True,True,True,True,False,False,True,True,True,True,True,735.62,719.6657,687.9302,626.1307,16.9364,46592092.0,0.0693,744.9642,730.8164,14.1478,773.2598,3.0,752.4138
2026-06-16,REP.MC,candidate,2026-06-16,257,trend_only,10,12,83.33,"[""pullback_ok"", ""bullish_turn_ok""]","Cumple tendencia, pero todavía no hay retroceso/vela señal válida.",True,True,False,False,True,True,True,True,True,True,True,False,False,True,False,False,True,True,True,21.77,22.6514,22.2124,18.0307,0.7479,2906363.0,-0.0199,21.9119,21.3452,0.5667,23.0452,88.0,22.131
2026-06-16,SAN.MC,candidate,2026-06-16,257,rejected,11,12,91.67,"[""distance_sma50_ok""]",No cumple los filtros mínimos de tendencia/liquidez/precio.,True,False,True,False,True,True,True,True,True,True,False,True,True,True,True,True,True,True,True,11.634,10.6866,10.4534,9.6298,0.2807,23870219.0,0.1129,11.6456,11.3979,0.2477,12.141,201.0,11.7621
2026-06-16,SPY,market_index,,253,market_ok,0,0,0.0,,Filtro de mercado general usado para permitir/bloquear nuevas entradas.,True,False,False,False,False,False,False,False,False,False,False,False,False,False,False,False,False,False,False,,,,,,,,,,,,,
2026-06-16,TSLA,candidate,2026-06-16,253,rejected,9,12,75.0,"[""close_above_sma200"", ""sma50_above_sma200"", ""pullback_ok""]",No cumple los filtros mínimos de tendencia/liquidez/precio.,True,False,False,False,True,True,True,True,False,False,True,False,True,True,False,False,True,True,True,406.76,409.7045,399.2234,415.9802,17.9614,45983937.0,0.0189,412.8324,398.7439,14.0886,441.0096,3.0,416.9608
2026-06-17,AAPL,candidate,2026-06-16,253,almost_valid,11,12,91.67,"[""pullback_ok""]","Tiene tendencia y parte del setup, pero le falta alguna condición final.",True,True,False,False,True,True,True,True,True,True,True,False,True,True,True,True,False,True,True,299.24,298.9185,286.9892,267.126,7.8807,50295850.0,0.0427,300.7805,293.1819,7.5986,315.9776,6.0,303.7883
2026-06-17,AMZN,candidate,2026-06-16,253,trend_only,10,12,83.33,"[""pullback_ok"", ""bullish_turn_ok""]","Cumple tendencia, pero todavía no hay retroceso/vela señal válida.",True,True,False,False,True,True,True,True,True,True,True,False,False,False,False,False,True,True,True,246.0,251.67,256.1628,232.6659,7.6907,41858720.0,-0.0397,249.7595,244.6809,5.0786,259.9167,9.0,252.2571
2026-06-17,BBVA.MC,candidate,2026-06-17,258,rejected,10,12,83.33,"[""distance_sma50_ok"", ""pullback_ok""]",No cumple los filtros mínimos de tendencia/liquidez/precio.,True,False,False,False,True,True,True,True,True,True,False,False,True,True,True,True,False,True,True,21.47,19.901,19.3826,18.2117,0.4864,8911198.0,0.1077,21.5415,21.0314,0.5102,22.5618,98.0,21.7569
2026-06-17,CABK.MC,candidate,2026-06-17,258,rejected,10,12,83.33,"[""distance_sma50_ok"", ""pullback_ok""]",No cumple los filtros mínimos de tendencia/liquidez/precio.,True,False,False,False,True,True,True,True,True,True,False,False,True,True,True,True,False,True,True,12.54,11.6343,11.1016,9.8618,0.2468,6317083.0,0.1296,12.5626,12.2953,0.2672,13.097,187.0,12.6882
2026-06-17,FER.MC,candidate,2026-06-17,258,trend_only,10,12,83.33,"[""pullback_ok"", ""bullish_turn_ok""]","Cumple tendencia, pero todavía no hay retroceso/vela señal válida.",True,True,False,False,True,True,True,True,True,True,True,False,False,False,False,False,False,True,True,59.94,58.1691,58.4482,55.5757,1.2443,935323.0,0.0255,60.5605,59.5156,1.0449,62.6504,47.0,61.1661
2026-06-17,GOOGL,candidate,2026-06-16,253,almost_valid,11,12,91.67,"[""pullback_ok""]","Tiene tendencia y parte del setup, pero le falta alguna condición final.",True,True,False,False,True,True,True,True,True,True,True,False,True,True,False,False,True,True,True,373.25,370.2072,365.0052,309.1874,11.2004,32743860.0,0.0226,376.376,365.94,10.436,397.2481,4.0,380.1398
2026-06-17,IBE.MC,candidate,2026-06-17,258,almost_valid,11,12,91.67,"[""bullish_turn_ok""]","Tiene tendencia y parte del setup, pero le falta alguna condición final.",True,True,False,False,True,True,True,True,True,True,True,True,False,False,True,True,True,True,True,20.4,19.9895,19.8339,18.4168,0.3179,10533042.0,0.0285,20.6206,20.3482,0.2724,21.1654,183.0,20.8268
2026-06-17,ITX.MC,candidate,2026-06-17,258,almost_valid,11,12,91.67,"[""bullish_turn_ok""]","Tiene tendencia y parte del setup, pero le falta alguna condición final.",True,True,False,False,True,True,True,True,True,True,True,True,False,False,True,True,True,True,True,56.02,54.1963,52.3357,50.8147,1.4471,1770378.0,0.0704,56.4364,55.6153,0.8211,58.0786,60.0,57.0007
2026-06-17,IWM,candidate,2026-06-16,253,almost_valid,11,12,91.67,"[""bullish_turn_ok""]","Tiene tendencia y parte del setup, pero le falta alguna condición final.",True,True,False,False,True,True,True,True,True,True,True,True,False,False,True,True,True,True,True,292.08,286.6352,279.2788,256.1787,6.4298,29020070.0,0.0458,297.0968,290.937,6.1598,309.4163,8.0,300.0678
2026-06-17,META,candidate,2026-06-16,253,rejected,9,12,75.0,"[""close_above_sma200"", ""sma50_above_sma200"", ""pullback_ok""]",No cumple los filtros mínimos de tendencia/liquidez/precio.,True,False,False,False,True,True,True,True,False,False,True,False,True,True,False,False,True,True,True,600.21,598.7194,622.1975,655.3206,21.1875,17832450.0,-0.0353,606.4158,589.8812,16.5346,639.4849,3.0,612.48
2026-06-17,MSFT,candidate,2026-06-16,253,rejected,8,12,66.67,"[""close_above_sma200"", ""sma50_above_sma200"", ""pullback_ok"", ""bullish_turn_ok""]",No cumple los filtros mínimos de tendencia/liquidez/precio.,True,False,False,False,True,True,True,True,False,False,True,False,False,True,False,False,True,True,True,393.83,410.675,412.1744,450.7911,13.6493,36902250.0,-0.0445,397.2368,389.3251,7.9118,413.0604,6.0,401.2092
2026-06-17,NVDA,candidate,2026-06-16,253,trend_only,10,12,83.33,"[""pullback_ok"", ""bullish_turn_ok""]","Cumple tendencia, pero todavía no hay retroceso/vela señal válida.",True,True,False,False,True,True,True,True,True,True,True,False,False,False,False,False,True,True,True,207.41,210.8045,208.0094,189.3302,8.3599,173440690.0,-0.0029,211.7015,206.454,5.2475,222.1965,9.0,213.8185
2026-06-17,QQQ,candidate,2026-06-16,253,almost_valid,11,12,91.67,"[""bullish_turn_ok""]","Tiene tendencia y parte del setup, pero le falta alguna condición final.",True,True,False,False,True,True,True,True,True,True,True,True,False,False,True,True,True,True,True,729.86,719.1171,687.815,626.1019,17.1414,47851795.0,0.0611,744.9642,727.9259,17.0383,779.0408,2.0,752.4138
2026-06-17,REP.MC,candidate,2026-06-17,258,almost_valid,11,12,91.67,"[""pullback_ok""]","Tiene tendencia y parte del setup, pero le falta alguna condición final.",True,True,False,False,True,True,True,True,True,True,True,False,True,True,False,False,True,True,True,21.78,22.4839,22.1168,18.1109,0.7043,2944082.0,-0.0152,21.9119,21.4396,0.4723,22.8565,105.0,22.131
2026-06-17,SAN.MC,candidate,2026-06-17,258,rejected,10,12,83.33,"[""distance_sma50_ok"", ""pullback_ok""]",No cumple los filtros mínimos de tendencia/liquidez/precio.,True,False,False,False,True,True,True,True,True,True,False,False,True,True,True,True,False,True,True,11.812,10.8612,10.5326,9.6669,0.267,24808541.0,0.1215,11.8298,11.5413,0.2885,12.4069,173.0,11.9481
2026-06-17,SPY,market_index,,253,market_ok,0,0,0.0,,Filtro de mercado general usado para permitir/bloquear nuevas entradas.,True,False,False,False,False,False,False,False,False,False,False,False,False,False,False,False,False,False,False,,,,,,,,,,,,,
2026-06-17,TSLA,candidate,2026-06-16,253,rejected,8,12,66.67,"[""close_above_sma200"", ""sma50_above_sma200"", ""pullback_ok"", ""bullish_turn_ok""]",No cumple los filtros mínimos de tendencia/liquidez/precio.,True,False,False,False,True,True,True,True,False,False,True,False,False,False,False,False,True,True,True,404.66,409.6024,400.348,416.2956,17.7871,46440540.0,0.0108,412.8324,398.7613,14.0711,440.9747,3.0,416.9608
2026-06-18,AAPL,candidate,2026-06-17,253,blocked_by_market,10,12,83.33,"[""market_ok"", ""bullish_turn_ok""]",El filtro del mercado general bloquea nuevas entradas.,False,True,False,False,True,True,True,True,True,True,True,True,False,False,True,True,True,True,True,295.95,298.6358,287.8428,267.4483,8.2007,50320145.0,0.0282,302.3721,293.5399,8.8322,320.0364,5.0,305.3958
2026-06-18,AMZN,candidate,2026-06-17,253,blocked_by_market,9,12,75.0,"[""market_ok"", ""pullback_ok"", ""bullish_turn_ok""]",El filtro del mercado general bloquea nuevas entradas.,False,True,False,False,True,True,True,True,True,True,True,False,False,False,False,False,True,True,True,237.5,250.3205,256.6374,232.7084,7.9007,42076520.0,-0.0746,246.1559,235.2099,10.946,268.0479,4.0,248.6175
2026-06-18,BBVA.MC,candidate,2026-06-18,258,blocked_by_market,8,12,66.67,"[""market_ok"", ""distance_sma50_ok"", ""pullback_ok"", ""bullish_turn_ok""]",El filtro del mercado general bloquea nuevas entradas.,False,False,False,False,True,True,True,True,True,True,False,False,False,False,True,True,False,True,True,21.38,20.0565,19.4228,18.2461,0.4907,9094270.0,0.1008,21.7417,21.2809,0.4608,22.6633,108.0,21.9591
2026-06-18,CABK.MC,candidate,2026-06-18,258,blocked_by_market,9,12,75.0,"[""market_ok"", ""distance_sma50_ok"", ""pullback_ok""]",El filtro del mercado general bloquea nuevas entradas.,False,False,False,False,True,True,True,True,True,True,False,False,True,True,False,True,False,True,True,12.655,11.7397,11.1439,9.8851,0.2382,6483412.0,0.1356,12.6977,12.5662,0.1315,12.9607,380.0,12.8247
2026-06-18,FER.MC,candidate,2026-06-18,258,blocked_by_market,10,12,83.33,"[""market_ok"", ""pullback_ok""]",El filtro del mercado general bloquea nuevas entradas.,False,True,False,False,True,True,True,True,True,True,True,False,True,True,False,False,False,True,True,60.46,58.4407,58.4857,55.6554,1.2386,939274.0,0.0338,60.8408,59.9761,0.8646,62.5701,57.0,61.4492
2026-06-18,GOOGL,candidate,2026-06-17,253,blocked_by_market,9,12,75.0,"[""market_ok"", ""pullback_ok"", ""bullish_turn_ok""]",El filtro del mercado general bloquea nuevas entradas.,False,True,False,False,True,True,True,True,True,True,True,False,False,False,False,False,True,True,True,363.79,369.596,366.1754,309.9449,11.5235,31993890.0,-0.0065,372.7023,360.8676,11.8347,396.3717,4.0,376.4293
2026-06-18,IBE.MC,candidate,2026-06-18,258,blocked_by_market,10,12,83.33,"[""market_ok"", ""bullish_turn_ok""]",El filtro del mercado general bloquea nuevas entradas.,False,True,False,False,True,True,True,True,True,True,True,True,False,False,True,True,True,True,True,20.66,20.0792,19.8476,18.4437,0.3168,10481050.0,0.0409,20.7707,20.5983,0.1724,21.1156,289.0,20.9785
2026-06-18,ITX.MC,candidate,2026-06-18,258,blocked_by_market,10,12,83.33,"[""market_ok"", ""bullish_turn_ok""]",El filtro del mercado general bloquea nuevas entradas.,False,True,False,False,True,True,True,True,True,True,True,True,False,False,True,True,True,True,True,55.72,54.3776,52.4156,50.8914,1.4457,1789326.0,0.063,56.5365,55.4954,1.0411,58.6186,48.0,57.1018
2026-06-18,IWM,candidate,2026-06-17,253,blocked_by_market,10,12,83.33,"[""market_ok"", ""bullish_turn_ok""]",El filtro del mercado general bloquea nuevas entradas.,False,True,False,False,True,True,True,True,True,True,True,True,False,False,True,True,True,True,True,289.88,286.9442,280.0302,256.4643,6.5827,29501505.0,0.0352,296.1158,288.2717,7.8441,311.804,6.0,299.077
2026-06-18,META,candidate,2026-06-17,253,blocked_by_market,7,12,58.33,"[""market_ok"", ""close_above_sma200"", ""sma50_above_sma200"", ""pullback_ok"", ""bullish_turn_ok""]",El filtro del mercado general bloquea nuevas entradas.,False,False,False,False,True,True,True,True,False,False,True,False,False,False,False,False,True,True,True,567.58,595.7538,622.0587,654.4771,22.6406,18266330.0,-0.0876,594.4038,563.9259,30.4779,655.3595,1.0,600.3478
2026-06-18,MSFT,candidate,2026-06-17,253,blocked_by_market,7,12,58.33,"[""market_ok"", ""close_above_sma200"", ""sma50_above_sma200"", ""pullback_ok"", ""bullish_turn_ok""]",El filtro del mercado general bloquea nuevas entradas.,False,False,False,False,True,True,True,True,False,False,True,False,False,False,False,False,True,True,True,378.91,407.6498,412.3229,450.1681,13.6271,37345775.0,-0.081,390.7604,375.9573,14.8031,420.3665,3.0,394.668
2026-06-18,NVDA,candidate,2026-06-17,253,blocked_by_market,9,12,75.0,"[""market_ok"", ""pullback_ok"", ""bullish_turn_ok""]",El filtro del mercado general bloquea nuevas entradas.,False,True,False,False,True,True,True,True,True,True,True,False,False,False,False,False,True,True,True,204.65,210.2184,208.5445,189.4837,8.491,172801515.0,-0.0187,209.4192,202.2309,7.1883,223.7958,6.0,211.5134
2026-06-18,QQQ,candidate,2026-06-17,253,blocked_by_market,10,12,83.33,"[""market_ok"", ""bullish_turn_ok""]",El filtro del mercado general bloquea nuevas entradas.,False,True,False,False,True,True,True,True,True,True,True,True,False,False,True,True,True,True,True,722.51,719.4403,690.4934,626.873,17.4729,48085510.0,0.0464,736.4157,719.1027,17.313,771.0416,2.0,743.7798
2026-06-18,REP.MC,candidate,2026-06-18,258,blocked_by_market,9,12,75.0,"[""market_ok"", ""pullback_ok"", ""bullish_turn_ok""]",El filtro del mercado general bloquea nuevas entradas.,False,True,False,False,True,True,True,True,True,True,True,False,False,False,False,False,True,True,True,21.6,22.4032,22.0982,18.1502,0.7,2889789.0,-0.0225,21.8719,21.47,0.4018,22.6755,124.0,22.0906
2026-06-18,SAN.MC,candidate,2026-06-18,258,blocked_by_market,8,12,66.67,"[""market_ok"", ""distance_sma50_ok"", ""pullback_ok"", ""bullish_turn_ok""]",El filtro del mercado general bloquea nuevas entradas.,False,False,False,False,True,True,True,True,True,True,False,False,False,False,True,True,False,True,True,11.826,10.9604,10.5641,9.687,0.271,25769467.0,0.1195,11.9219,11.7529,0.169,12.2599,295.0,12.0411
2026-06-18,SPY,market_index,,253,market_filter_failed,0,0,0.0,,Filtro de mercado general usado para permitir/bloquear nuevas entradas.,False,False,False,False,False,False,False,False,False,False,False,False,False,False,False,False,False,False,False,,,,,,,,,,,,,
2026-06-18,TSLA,candidate,2026-06-17,253,blocked_by_market,7,12,58.33,"[""market_ok"", ""close_above_sma200"", ""sma50_above_sma200"", ""pullback_ok"", ""bullish_turn_ok""]",El filtro del mercado general bloquea nuevas entradas.,False,False,False,False,True,True,True,True,False,False,True,False,False,False,False,False,True,True,True,396.38,408.3431,401.3426,416.6081,18.11,46289850.0,-0.0124,406.3459,391.949,14.3969,435.1398,3.0,410.4094
2026-06-19,AAPL,candidate,2026-06-17,253,blocked_by_market,10,12,83.33,"[""market_ok"", ""bullish_turn_ok""]",El filtro del mercado general bloquea nuevas entradas.,False,True,False,False,True,True,True,True,True,True,True,True,False,False,True,True,True,True,True,295.95,298.6358,287.8428,267.4483,8.2007,50323125.0,0.0282,302.3721,293.5399,8.8322,320.0364,5.0,305.3958
2026-06-19,AMZN,candidate,2026-06-17,253,blocked_by_market,9,12,75.0,"[""market_ok"", ""pullback_ok"", ""bullish_turn_ok""]",El filtro del mercado general bloquea nuevas entradas.,False,True,False,False,True,True,True,True,True,True,True,False,False,False,False,False,True,True,True,237.5,250.3205,256.6374,232.7084,7.9007,42083725.0,-0.0746,246.1559,235.2099,10.946,268.0479,4.0,248.6175
2026-06-19,BBVA.MC,candidate,2026-06-19,259,blocked_by_market,8,12,66.67,"[""market_ok"", ""distance_sma50_ok"", ""pullback_ok"", ""bullish_turn_ok""]",El filtro del mercado general bloquea nuevas entradas.,False,False,False,False,True,True,True,True,True,True,False,False,False,True,True,True,False,True,True,21.49,20.2025,19.4706,18.279,0.485,9759537.0,0.1037,21.6817,21.1815,0.5002,22.682,99.0,21.8985
2026-06-19,CABK.MC,candidate,2026-06-19,259,blocked_by_market,9,12,75.0,"[""market_ok"", ""distance_sma50_ok"", ""pullback_ok""]",El filtro del mercado general bloquea nuevas entradas.,False,False,False,False,True,True,True,True,True,True,False,False,True,True,True,True,False,True,True,12.63,11.8172,11.1842,9.9067,0.2368,6640458.0,0.1293,12.6927,12.5113,0.1814,13.0554,275.0,12.8196
2026-06-19,FER.MC,candidate,2026-06-19,259,blocked_by_market,9,12,75.0,"[""market_ok"", ""pullback_ok"", ""bullish_turn_ok""]",El filtro del mercado general bloquea nuevas entradas.,False,True,False,False,True,True,True,True,True,True,True,False,False,False,True,True,False,True,True,59.94,58.5921,58.4849,55.7257,1.15,944882.0,0.0249,60.6206,59.805,0.8156,62.2517,61.0,61.2268
2026-06-19,GOOGL,candidate,2026-06-17,253,blocked_by_market,9,12,75.0,"[""market_ok"", ""pullback_ok"", ""bullish_turn_ok""]",El filtro del mercado general bloquea nuevas entradas.,False,True,False,False,True,True,True,True,True,True,True,False,False,False,False,False,True,True,True,363.79,369.596,366.1754,309.9449,11.5235,31996235.0,-0.0065,372.7023,360.8676,11.8347,396.3717,4.0,376.4293
2026-06-19,IBE.MC,candidate,2026-06-19,259,blocked_by_market,9,12,75.0,"[""market_ok"", ""pullback_ok"", ""bullish_turn_ok""]",El filtro del mercado general bloquea nuevas entradas.,False,True,False,False,True,True,True,True,True,True,True,False,False,False,True,True,False,True,True,20.82,20.1653,19.8581,18.4711,0.3239,10976516.0,0.0484,20.9409,20.7176,0.2233,21.3875,223.0,21.1503
2026-06-19,ITX.MC,candidate,2026-06-19,259,blocked_by_market,10,12,83.33,"[""market_ok"", ""bullish_turn_ok""]",El filtro del mercado general bloquea nuevas entradas.,False,True,False,False,True,True,True,True,True,True,True,True,False,False,True,True,True,True,True,55.7,54.5708,52.4956,50.9677,1.3857,1859756.0,0.061,56.4564,55.5414,0.915,58.2863,54.0,57.021
2026-06-19,IWM,candidate,2026-06-17,253,blocked_by_market,10,12,83.33,"[""market_ok"", ""bullish_turn_ok""]",El filtro del mercado general bloquea nuevas entradas.,False,True,False,False,True,True,True,True,True,True,True,True,False,False,True,True,True,True,True,289.88,286.9442,280.0302,256.4643,6.5827,29504945.0,0.0352,296.1158,288.2717,7.8441,311.804,6.0,299.077
2026-06-19,META,candidate,2026-06-17,253,blocked_by_market,7,12,58.33,"[""market_ok"", ""close_above_sma200"", ""sma50_above_sma200"", ""pullback_ok"", ""bullish_turn_ok""]",El filtro del mercado general bloquea nuevas entradas.,False,False,False,False,True,True,True,True,False,False,True,False,False,False,False,False,True,True,True,567.58,595.7538,622.0587,654.4771,22.6406,18270350.0,-0.0876,594.4038,563.9259,30.4779,655.3595,1.0,600.3478
2026-06-19,MSFT,candidate,2026-06-17,253,blocked_by_market,7,12,58.33,"[""market_ok"", ""close_above_sma200"", ""sma50_above_sma200"", ""pullback_ok"", ""bullish_turn_ok""]",El filtro del mercado general bloquea nuevas entradas.,False,False,False,False,True,True,True,True,False,False,True,False,False,False,False,False,True,True,True,378.91,407.6498,412.3229,450.1681,13.6271,37353375.0,-0.081,390.7604,375.9573,14.8031,420.3665,3.0,394.668
2026-06-19,NVDA,candidate,2026-06-17,253,blocked_by_market,9,12,75.0,"[""market_ok"", ""pullback_ok"", ""bullish_turn_ok""]",El filtro del mercado general bloquea nuevas entradas.,False,True,False,False,True,True,True,True,True,True,True,False,False,False,False,False,True,True,True,204.65,210.2184,208.5445,189.4837,8.491,172829450.0,-0.0187,209.4192,202.2309,7.1883,223.7958,6.0,211.5134
2026-06-19,QQQ,candidate,2026-06-17,253,blocked_by_market,10,12,83.33,"[""market_ok"", ""bullish_turn_ok""]",El filtro del mercado general bloquea nuevas entradas.,False,True,False,False,True,True,True,True,True,True,True,True,False,False,True,True,True,True,True,722.51,719.4403,690.4934,626.873,17.4729,48104850.0,0.0464,736.4157,719.1027,17.313,771.0416,2.0,743.7798
2026-06-19,REP.MC,candidate,2026-06-19,259,blocked_by_market,10,12,83.33,"[""market_ok"", ""pullback_ok""]",El filtro del mercado general bloquea nuevas entradas.,False,True,False,False,True,True,True,True,True,True,True,False,True,True,False,False,True,True,True,21.7,22.3078,22.0672,18.1876,0.7143,3016251.0,-0.0166,21.7818,21.3486,0.4332,22.6481,115.0,21.9996
2026-06-19,SAN.MC,candidate,2026-06-19,259,blocked_by_market,8,12,66.67,"[""market_ok"", ""distance_sma50_ok"", ""pullback_ok"", ""bullish_turn_ok""]",El filtro del mercado general bloquea nuevas entradas.,False,False,False,False,True,True,True,True,True,True,False,False,False,False,True,True,False,True,True,11.9,11.0548,10.5988,9.7069,0.2677,27117777.0,0.1228,12.002,11.7852,0.2168,12.4355,230.0,12.122
2026-06-19,SPY,market_index,,253,market_filter_failed,0,0,0.0,,Filtro de mercado general usado para permitir/bloquear nuevas entradas.,False,False,False,False,False,False,False,False,False,False,False,False,False,False,False,False,False,False,False,,,,,,,,,,,,,
2026-06-19,TSLA,candidate,2026-06-17,253,blocked_by_market,7,12,58.33,"[""market_ok"", ""close_above_sma200"", ""sma50_above_sma200"", ""pullback_ok"", ""bullish_turn_ok""]",El filtro del mercado general bloquea nuevas entradas.,False,False,False,False,True,True,True,True,False,False,True,False,False,False,False,False,True,True,True,396.38,408.3431,401.3426,416.6081,18.11,46297765.0,-0.0124,406.3459,391.949,14.3969,435.1398,3.0,410.4094
2026-06-20,AAPL,candidate,2026-06-18,254,almost_valid,11,12,91.67,"[""bullish_turn_ok""]","Tiene tendencia y parte del setup, pero le falta alguna condición final.",True,True,False,False,True,True,True,True,True,True,True,True,False,False,True,True,True,True,True,298.01,298.5762,288.6298,267.793,8.1636,52709745.0,0.0325,300.8706,294.8036,6.0669,313.0045,8.0,303.8793
2026-06-20,AMZN,candidate,2026-06-18,254,almost_valid,11,12,91.67,"[""pullback_ok""]","Tiene tendencia y parte del setup, pero le falta alguna condición final.",True,True,False,False,True,True,True,True,True,True,True,False,True,True,False,False,True,True,True,244.39,249.7557,257.1002,232.8037,8.2293,44118285.0,-0.0494,245.9757,235.1971,10.7787,267.533,4.0,248.4355
2026-06-20,BBVA.MC,candidate,2026-06-19,259,rejected,10,12,83.33,"[""distance_sma50_ok"", ""bullish_turn_ok""]",No cumple los filtros mínimos de tendencia/liquidez/precio.,True,False,False,False,True,True,True,True,True,True,False,True,False,False,True,True,True,True,True,21.34,20.1882,19.4676,18.2782,0.485,11548856.0,0.0962,21.6817,21.1815,0.5002,22.682,99.0,21.8985
2026-06-20,CABK.MC,candidate,2026-06-19,259,rejected,10,12,83.33,"[""distance_sma50_ok"", ""pullback_ok""]",No cumple los filtros mínimos de tendencia/liquidez/precio.,True,False,False,False,True,True,True,True,True,True,False,False,True,True,True,True,False,True,True,12.645,11.8186,11.1845,9.9068,0.2368,7420787.0,0.1306,12.6927,12.5113,0.1814,13.0554,275.0,12.8196
2026-06-20,FER.MC,candidate,2026-06-19,259,trend_only,10,12,83.33,"[""pullback_ok"", ""bullish_turn_ok""]","Cumple tendencia, pero todavía no hay retroceso/vela señal válida.",True,True,False,False,True,True,True,True,True,True,True,False,False,True,True,True,False,True,True,60.32,58.6283,58.4925,55.7276,1.15,1054899.0,0.0312,60.6206,59.805,0.8156,62.2517,61.0,61.2268
2026-06-20,GOOGL,candidate,2026-06-18,254,almost_valid,11,12,91.67,"[""pullback_ok""]","Tiene tendencia y parte del setup, pero le falta alguna condición final.",True,True,False,False,True,True,True,True,True,True,True,False,True,True,False,False,True,True,True,368.03,369.4469,367.1934,310.7313,11.4626,32632520.0,0.0023,369.8495,357.5238,12.3257,394.501,4.0,373.548
2026-06-20,IBE.MC,candidate,2026-06-19,259,trend_only,10,12,83.33,"[""pullback_ok"", ""bullish_turn_ok""]","Cumple tendencia, pero todavía no hay retroceso/vela señal válida.",True,True,False,False,True,True,True,True,True,True,True,False,False,False,True,True,False,True,True,20.83,20.1662,19.8583,18.4711,0.3239,12396967.0,0.0489,20.9409,20.7176,0.2233,21.3875,223.0,21.1503
2026-06-20,ITX.MC,candidate,2026-06-19,259,almost_valid,11,12,91.67,"[""bullish_turn_ok""]","Tiene tendencia y parte del setup, pero le falta alguna condición final.",True,True,False,False,True,True,True,True,True,True,True,True,False,False,True,True,True,True,True,55.74,54.5746,52.4964,50.9679,1.3886,2019965.0,0.0618,56.4564,55.5011,0.9553,58.3669,52.0,57.021
2026-06-20,IWM,candidate,2026-06-18,254,valid_signal,12,12,100.0,[],Cumple todos los filtros y genera señal operable.,True,True,True,True,True,True,True,True,True,True,True,True,True,True,True,True,True,True,True,295.59,287.7676,280.7449,256.7848,6.7541,29550005.0,0.0529,296.266,290.7446,5.5214,307.3087,9.0,299.2286
2026-06-20,META,candidate,2026-06-18,254,rejected,9,12,75.0,"[""close_above_sma200"", ""sma50_above_sma200"", ""pullback_ok""]",No cumple los filtros mínimos de tendencia/liquidez/precio.,True,False,False,False,True,True,True,True,False,False,True,False,True,True,False,False,True,True,True,577.22,593.9887,621.3661,653.6996,23.0114,19145095.0,-0.071,580.8002,560.7988,20.0014,620.8029,2.0,586.6082
2026-06-20,MSFT,candidate,2026-06-18,254,rejected,9,12,75.0,"[""close_above_sma200"", ""sma50_above_sma200"", ""pullback_ok""]",No cumple los filtros mínimos de tendencia/liquidez/precio.,True,False,False,False,True,True,True,True,False,False,True,False,True,True,False,False,True,True,True,379.4,404.9593,412.4404,449.5554,12.5379,38945885.0,-0.0801,381.7514,372.0262,9.7252,401.2017,5.0,385.5689
2026-06-20,NVDA,candidate,2026-06-18,254,almost_valid,11,12,91.67,"[""pullback_ok""]","Tiene tendencia y parte del setup, pero le falta alguna condición final.",True,True,False,False,True,True,True,True,True,True,True,False,True,True,False,False,True,True,True,210.69,210.2633,209.121,189.6844,8.4923,175682970.0,0.0075,211.6014,205.6508,5.9506,223.5026,8.0,213.7174
2026-06-20,QQQ,candidate,2026-06-18,254,valid_signal,12,12,100.0,[],Cumple todos los filtros y genera señal operable.,True,True,True,True,True,True,True,True,True,True,True,True,True,True,True,True,True,True,True,740.62,721.4574,693.184,627.7585,18.3964,48773620.0,0.0684,742.5618,730.6704,11.8915,766.3447,4.0,749.9874
2026-06-20,REP.MC,candidate,2026-06-19,259,trend_only,10,12,83.33,"[""pullback_ok"", ""bullish_turn_ok""]","Cumple tendencia, pero todavía no hay retroceso/vela señal válida.",True,True,False,False,True,True,True,True,True,True,True,False,False,False,False,False,True,True,True,21.55,22.2935,22.0642,18.1868,0.7143,3316153.0,-0.0233,21.7818,21.3486,0.4332,22.6481,115.0,21.9996
2026-06-20,SAN.MC,candidate,2026-06-19,259,rejected,10,12,83.33,"[""distance_sma50_ok"", ""bullish_turn_ok""]",No cumple los filtros mínimos de tendencia/liquidez/precio.,True,False,False,False,True,True,True,True,True,True,False,True,False,False,True,True,True,True,True,11.802,11.0455,10.5968,9.7064,0.2684,29489013.0,0.1137,12.002,11.7752,0.2268,12.4557,220.0,12.122
2026-06-20,SPY,market_index,,254,market_ok,0,0,0.0,,Filtro de mercado general usado para permitir/bloquear nuevas entradas.,True,False,False,False,False,False,False,False,False,False,False,False,False,False,False,False,False,False,False,,,,,,,,,,,,,
2026-06-20,TSLA,candidate,2026-06-18,254,rejected,9,12,75.0,"[""close_above_sma200"", ""sma50_above_sma200"", ""pullback_ok""]",No cumple los filtros mínimos de tendencia/liquidez/precio.,True,False,False,False,True,True,True,True,False,False,True,False,True,True,False,False,True,True,True,400.49,407.5952,402.4874,416.9638,18.3857,46952265.0,-0.005,402.9225,382.8614,20.0611,443.0446,2.0,406.9517
2026-06-23,AAPL,candidate,2026-06-22,252,almost_valid,11,12,91.67,"[""bullish_turn_ok""]","Tiene tendencia y parte del setup, pero le falta alguna condición final.",True,True,False,False,True,True,True,True,True,True,True,True,False,False,True,True,True,True,True,297.01,298.427,289.365,268.0891,8.065,52802130.0,0.0264,302.7224,295.9535,6.7689,316.2603,7.0,305.7497
2026-06-23,AMZN,candidate,2026-06-22,252,rejected,9,12,75.0,"[""close_above_sma200"", ""pullback_ok"", ""bullish_turn_ok""]",No cumple los filtros mínimos de tendencia/liquidez/precio.,True,False,False,False,True,True,True,True,False,True,True,False,False,False,False,False,True,True,True,232.79,248.1399,257.083,232.8377,8.3871,45700365.0,-0.0945,242.242,231.4013,10.8407,263.9234,4.0,244.6644
2026-06-23,BBVA.MC,candidate,2026-06-23,257,rejected,11,12,91.67,"[""distance_sma50_ok""]",No cumple los filtros mínimos de tendencia/liquidez/precio.,True,False,True,False,True,True,True,True,True,True,False,True,True,True,True,True,True,True,True,21.77,20.3389,19.5089,18.3129,0.4961,11250355.0,0.1159,21.8518,21.5204,0.3314,22.5147,150.0,22.0703
2026-06-23,CABK.MC,candidate,2026-06-23,258,rejected,10,12,83.33,"[""distance_sma50_ok"", ""bullish_turn_ok""]",No cumple los filtros mínimos de tendencia/liquidez/precio.,True,False,False,False,True,True,True,True,True,True,False,True,False,False,True,True,True,True,True,12.625,11.9731,11.2656,9.9516,0.2371,7345534.0,0.1207,12.7427,12.5013,0.2414,13.2256,207.0,12.8702
2026-06-23,FER.MC,candidate,2026-06-23,257,trend_only,10,12,83.33,"[""pullback_ok"", ""bullish_turn_ok""]","Cumple tendencia, pero todavía no hay retroceso/vela señal válida.",True,True,False,False,True,True,True,True,True,True,True,False,False,False,True,True,False,True,True,60.78,58.8332,58.503,55.8013,1.1486,1041547.0,0.0389,61.3613,60.5051,0.8562,63.0736,58.0,61.9749
2026-06-23,GOOGL,candidate,2026-06-22,252,trend_only,10,12,83.33,"[""pullback_ok"", ""bullish_turn_ok""]","Cumple tendencia, pero todavía no hay retroceso/vela señal válida.",True,True,False,False,True,True,True,True,True,True,True,False,False,False,False,False,True,True,True,349.68,367.5643,367.821,311.3296,12.855,34022095.0,-0.0493,359.2789,340.4345,18.8444,396.9678,2.0,362.8717
2026-06-23,IBE.MC,candidate,2026-06-23,257,almost_valid,11,12,91.67,"[""pullback_ok""]","Tiene tendencia y parte del setup, pero le falta alguna condición final.",True,True,False,False,True,True,True,True,True,True,True,False,True,True,True,True,False,True,True,21.23,20.2675,19.8766,18.4998,0.3432,12286905.0,0.0681,21.4514,20.9857,0.4658,22.3829,107.0,21.6659
2026-06-23,ITX.MC,candidate,2026-06-23,257,almost_valid,11,12,91.67,"[""bullish_turn_ok""]","Tiene tendencia y parte del setup, pero le falta alguna condición final.",True,True,False,False,True,True,True,True,True,True,True,True,False,False,True,True,True,True,True,55.0,54.6151,52.5346,51.0396,1.36,1990650.0,0.0469,55.3553,54.684,0.6713,56.6979,74.0,55.9089
2026-06-23,IWM,candidate,2026-06-22,252,valid_signal,12,12,100.0,[],Cumple todos los filtros y genera señal operable.,True,True,True,True,True,True,True,True,True,True,True,True,True,True,True,True,True,True,True,298.18,288.7593,281.4817,257.1194,6.7234,29104790.0,0.0593,299.7895,295.4877,4.3018,308.3931,11.0,302.7874
2026-06-23,META,candidate,2026-06-22,252,rejected,8,12,66.67,"[""close_above_sma200"", ""sma50_above_sma200"", ""pullback_ok"", ""bullish_turn_ok""]",No cumple los filtros mínimos de tendencia/liquidez/precio.,True,False,False,False,True,True,True,True,False,False,True,False,False,False,False,False,True,True,True,563.85,591.1183,620.0869,652.8457,21.6702,19240095.0,-0.0907,576.3858,557.643,18.7428,613.8715,2.0,582.1497
2026-06-23,MSFT,candidate,2026-06-22,252,rejected,8,12,66.67,"[""close_above_sma200"", ""sma50_above_sma200"", ""pullback_ok"", ""bullish_turn_ok""]",No cumple los filtros mínimos de tendencia/liquidez/precio.,True,False,False,False,True,True,True,True,False,False,True,False,False,False,False,False,True,True,True,367.34,401.3765,412.342,448.8813,12.4293,39628555.0,-0.1091,382.0116,365.8271,16.1846,414.3807,3.0,385.8318
2026-06-23,NVDA,candidate,2026-06-22,252,trend_only,10,12,83.33,"[""pullback_ok"", ""bullish_turn_ok""]","Cumple tendencia, pero todavía no hay retroceso/vela señal válida.",True,True,False,False,True,True,True,True,True,True,True,False,False,False,False,False,True,True,True,208.65,210.1096,209.62,189.8757,7.9605,171597815.0,-0.0046,214.204,206.9239,7.28,228.7641,6.0,216.346
2026-06-23,QQQ,candidate,2026-06-22,252,almost_valid,11,12,91.67,"[""bullish_turn_ok""]","Tiene tendencia y parte del setup, pero le falta alguna condición final.",True,True,False,False,True,True,True,True,True,True,True,True,False,False,True,True,True,True,True,737.95,722.3116,694.9917,627.9225,18.477,49112985.0,0.0618,746.1955,732.5423,13.6531,773.5018,3.0,753.6574
2026-06-23,REP.MC,candidate,2026-06-23,258,almost_valid,11,12,91.67,"[""pullback_ok""]","Tiene tendencia y parte del setup, pero le falta alguna condición final.",True,True,False,False,True,True,True,True,True,True,True,False,True,True,False,False,True,True,True,21.7,22.1798,22.0654,18.2649,0.6793,3258106.0,-0.0166,21.8118,21.4521,0.3597,22.5312,138.0,22.0299
2026-06-23,SAN.MC,candidate,2026-06-23,258,rejected,10,12,83.33,"[""distance_sma50_ok"", ""bullish_turn_ok""]",No cumple los filtros mínimos de tendencia/liquidez/precio.,True,False,False,False,True,True,True,True,True,True,False,True,False,True,True,True,True,True,True,11.964,11.2151,10.6637,9.7464,0.281,29499740.0,0.1219,12.0621,11.7999,0.2622,12.5864,190.0,12.1827
2026-06-23,SPY,market_index,,252,market_ok,0,0,0.0,,Filtro de mercado general usado para permitir/bloquear nuevas entradas.,True,False,False,False,False,False,False,False,False,False,False,False,False,False,False,False,False,False,False,,,,,,,,,,,,,
2026-06-23,TSLA,candidate,2026-06-22,252,rejected,9,12,75.0,"[""close_above_sma200"", ""sma50_above_sma200"", ""pullback_ok""]",No cumple los filtros mínimos de tendencia/liquidez/precio.,True,False,False,False,True,True,True,True,False,False,True,False,True,True,False,False,True,True,True,405.05,407.3528,403.676,417.3186,18.385,47206285.0,0.0034,415.1647,392.5615,22.6033,460.3713,2.0,419.3164
2026-06-24,AAPL,candidate,2026-06-23,253,blocked_by_market,10,12,83.33,"[""market_ok"", ""bullish_turn_ok""]",El filtro del mercado general bloquea nuevas entradas.,False,True,False,False,True,True,True,True,True,True,True,True,False,False,True,True,True,True,True,294.3,298.034,290.0462,268.365,7.945,53218785.0,0.0147,301.9417,293.3855,8.5562,319.054,5.0,304.9611
2026-06-24,AMZN,candidate,2026-06-23,253,blocked_by_market,9,12,75.0,"[""market_ok"", ""pullback_ok"", ""bullish_turn_ok""]",El filtro del mercado general bloquea nuevas entradas.,False,True,False,False,True,True,True,True,True,True,True,False,False,False,False,False,True,True,True,234.11,246.8037,256.9976,232.8298,8.2429,47349650.0,-0.0891,237.1069,231.1757,5.9312,248.9692,8.0,239.4779
2026-06-24,BBVA.MC,candidate,2026-06-24,258,blocked_by_market,8,12,66.67,"[""market_ok"", ""distance_sma50_ok"", ""pullback_ok"", ""bullish_turn_ok""]",El filtro del mercado general bloquea nuevas entradas.,False,False,False,False,True,True,True,True,True,True,False,False,False,False,False,True,True,True,True,21.49,20.5634,19.5767,18.378,0.4879,11474525.0,0.0977,21.8218,21.4312,0.3906,22.603,128.0,22.04
2026-06-24,CABK.MC,candidate,2026-06-24,258,blocked_by_market,9,12,75.0,"[""market_ok"", ""distance_sma50_ok"", ""pullback_ok""]",El filtro del mercado general bloquea nuevas entradas.,False,False,False,False,True,True,True,True,True,True,False,False,True,True,False,True,True,True,True,12.61,12.0316,11.3019,9.9733,0.2371,6808558.0,0.1157,12.6827,12.4563,0.2264,13.1354,220.0,12.8095
2026-06-24,FER.MC,candidate,2026-06-24,258,blocked_by_market,10,12,83.33,"[""market_ok"", ""bullish_turn_ok""]",El filtro del mercado general bloquea nuevas entradas.,False,True,False,False,True,True,True,True,True,True,True,True,False,True,True,True,True,True,True,61.34,59.3638,58.5676,55.9544,1.2714,1049559.0,0.0473,61.6816,60.7729,0.9088,63.4991,55.0,62.2984
2026-06-24,GOOGL,candidate,2026-06-23,253,blocked_by_market,9,12,75.0,"[""market_ok"", ""pullback_ok"", ""bullish_turn_ok""]",El filtro del mercado general bloquea nuevas entradas.,False,True,False,False,True,True,True,True,True,True,True,False,False,True,False,False,True,True,True,346.13,365.523,368.4026,311.9021,12.2522,34701725.0,-0.0605,349.6393,338.9748,10.6645,370.9683,4.0,353.1357
2026-06-24,IBE.MC,candidate,2026-06-24,258,blocked_by_market,10,12,83.33,"[""market_ok"", ""bullish_turn_ok""]",El filtro del mercado general bloquea nuevas entradas.,False,True,False,False,True,True,True,True,True,True,True,True,False,False,True,True,True,True,True,21.17,20.429,19.9226,18.5566,0.3396,12317063.0,0.0626,21.3714,20.976,0.3953,22.162,126.0,21.5851
2026-06-24,ITX.MC,candidate,2026-06-24,258,blocked_by_market,10,12,83.33,"[""market_ok"", ""bullish_turn_ok""]",El filtro del mercado general bloquea nuevas entradas.,False,True,False,False,True,True,True,True,True,True,True,True,False,False,True,True,True,True,True,55.12,54.7226,52.6596,51.1786,1.0943,1987550.0,0.0467,55.5355,54.6706,0.8649,57.2653,57.0,56.0908
2026-06-24,IWM,candidate,2026-06-23,253,blocked_by_market,10,12,83.33,"[""market_ok"", ""bullish_turn_ok""]",El filtro del mercado general bloquea nuevas entradas.,False,True,False,False,True,True,True,True,True,True,True,True,False,True,True,True,True,True,True,295.32,289.3841,282.1745,257.4252,6.889,29248215.0,0.0466,298.0477,291.7111,6.3367,310.7211,7.0,301.0282
2026-06-24,META,candidate,2026-06-23,253,blocked_by_market,7,12,58.33,"[""market_ok"", ""close_above_sma200"", ""sma50_above_sma200"", ""pullback_ok"", ""bullish_turn_ok""]",El filtro del mercado general bloquea nuevas entradas.,False,False,False,False,True,True,True,True,False,False,True,False,False,False,False,False,True,True,True,562.2,588.3642,618.7454,651.9257,21.5981,19310485.0,-0.0914,572.7722,558.8602,13.912,600.5962,3.0,578.4999
2026-06-24,MSFT,candidate,2026-06-23,253,blocked_by_market,7,12,58.33,"[""market_ok"", ""close_above_sma200"", ""sma50_above_sma200"", ""pullback_ok"", ""bullish_turn_ok""]",El filtro del mercado general bloquea nuevas entradas.,False,False,False,False,True,True,True,True,False,False,True,False,False,False,False,False,True,True,True,373.94,398.7635,412.4194,448.2271,11.7,40543695.0,-0.0933,377.5972,369.5,8.0972,393.7916,6.0,381.3732
2026-06-24,NVDA,candidate,2026-06-23,253,blocked_by_market,9,12,75.0,"[""market_ok"", ""pullback_ok"", ""bullish_turn_ok""]",El filtro del mercado general bloquea nuevas entradas.,False,True,False,False,True,True,True,True,True,True,True,False,False,False,False,False,True,True,True,200.04,209.1506,209.8526,190.0187,7.7986,170793605.0,-0.0468,203.9738,199.2201,4.7536,213.481,10.0,206.0135
2026-06-24,QQQ,candidate,2026-06-23,253,blocked_by_market,10,12,83.33,"[""market_ok"", ""bullish_turn_ok""]",El filtro del mercado general bloquea nuevas entradas.,False,True,False,False,True,True,True,True,True,True,True,True,False,False,True,True,True,True,True,713.65,721.4867,697.0567,628.6283,19.8083,50117940.0,0.0238,724.3336,710.1292,14.2044,752.7425,3.0,731.5769
2026-06-24,REP.MC,candidate,2026-06-24,258,blocked_by_market,9,12,75.0,"[""market_ok"", ""pullback_ok"", ""bullish_turn_ok""]",El filtro del mercado general bloquea nuevas entradas.,False,True,False,False,True,True,True,True,True,True,True,False,False,False,False,False,True,True,True,21.51,22.1255,22.0758,18.3023,0.6721,3169176.0,-0.0256,21.9419,21.4428,0.4991,22.9402,100.0,22.1613
2026-06-24,SAN.MC,candidate,2026-06-24,258,blocked_by_market,9,12,75.0,"[""market_ok"", ""distance_sma50_ok"", ""pullback_ok""]",El filtro del mercado general bloquea nuevas entradas.,False,False,False,False,True,True,True,True,True,True,False,False,True,True,False,True,True,True,True,11.938,11.281,10.6904,9.7653,0.277,29255303.0,0.1167,12.008,11.8283,0.1797,12.3674,278.0,12.1281
2026-06-24,SPY,market_index,,253,market_filter_failed,0,0,0.0,,Filtro de mercado general usado para permitir/bloquear nuevas entradas.,False,False,False,False,False,False,False,False,False,False,False,False,False,False,False,False,False,False,False,,,,,,,,,,,,,
2026-06-24,TSLA,candidate,2026-06-23,253,blocked_by_market,7,12,58.33,"[""market_ok"", ""close_above_sma200"", ""sma50_above_sma200"", ""pullback_ok"", ""bullish_turn_ok""]",El filtro del mercado general bloquea nuevas entradas.,False,False,False,False,True,True,True,True,False,False,True,False,False,False,False,False,True,True,True,381.61,404.9011,404.3292,417.534,19.4721,47419245.0,-0.0562,393.2629,377.1128,16.1501,425.563,3.0,397.1955
2026-06-25,AAPL,candidate,2026-06-24,253,blocked_by_market,10,12,83.33,"[""market_ok"", ""bullish_turn_ok""]",El filtro del mercado general bloquea nuevas entradas.,False,True,False,False,True,True,True,True,True,True,True,True,False,False,True,True,True,True,True,293.08,297.5622,290.7286,268.6354,7.85,53466600.0,0.0081,299.9997,292.155,7.8447,315.6891,6.0,302.9997
2026-06-25,AMZN,candidate,2026-06-24,253,blocked_by_market,9,12,75.0,"[""market_ok"", ""pullback_ok"", ""bullish_turn_ok""]",El filtro del mercado general bloquea nuevas entradas.,False,True,False,False,True,True,True,True,True,True,True,False,False,False,False,False,True,True,True,234.27,245.6101,256.8852,232.8395,8.2493,48957410.0,-0.088,242.6624,232.1251,10.5373,263.7371,4.0,245.089
2026-06-25,BBVA.MC,candidate,2026-06-25,257,blocked_by_market,8,12,66.67,"[""market_ok"", ""distance_sma50_ok"", ""pullback_ok"", ""bullish_turn_ok""]",El filtro del mercado general bloquea nuevas entradas.,False,False,False,False,True,True,True,True,True,True,False,False,False,False,False,True,True,True,True,21.25,20.5039,19.5633,18.3747,0.5021,11586494.0,0.0862,21.4915,21.1498,0.3417,22.1748,146.0,21.7064
2026-06-25,CABK.MC,candidate,2026-06-25,258,blocked_by_market,10,12,83.33,"[""market_ok"", ""bullish_turn_ok""]",El filtro del mercado general bloquea nuevas entradas.,False,True,False,False,True,True,True,True,True,True,True,True,False,False,True,True,True,True,True,12.215,12.0284,11.3242,9.9915,0.2521,6937061.0,0.0787,12.3974,12.1598,0.2376,12.8726,210.0,12.5214
2026-06-25,FER.MC,candidate,2026-06-25,257,blocked_by_market,10,12,83.33,"[""market_ok"", ""bullish_turn_ok""]",El filtro del mercado general bloquea nuevas entradas.,False,True,False,False,True,True,True,True,True,True,True,True,False,True,True,True,True,True,True,61.76,59.424,58.5804,55.9576,1.2343,1232753.0,0.0543,61.9819,60.9766,1.0053,63.9926,49.0,62.6017
2026-06-25,GOOGL,candidate,2026-06-24,253,blocked_by_market,9,12,75.0,"[""market_ok"", ""pullback_ok"", ""bullish_turn_ok""]",El filtro del mercado general bloquea nuevas entradas.,False,True,False,False,True,True,True,True,True,True,True,False,False,False,False,False,True,True,True,345.29,363.596,368.886,312.4569,12.4797,35562625.0,-0.064,353.8335,340.682,13.1515,380.1364,3.0,357.3718
2026-06-25,IBE.MC,candidate,2026-06-25,257,blocked_by_market,11,12,91.67,"[""market_ok""]",El filtro del mercado general bloquea nuevas entradas.,False,True,True,False,True,True,True,True,True,True,True,True,True,True,True,True,True,True,True,21.52,20.459,19.9288,18.5581,0.3532,12248420.0,0.0798,21.5916,21.1347,0.4569,22.5054,109.0,21.8075
2026-06-25,ITX.MC,candidate,2026-06-25,257,blocked_by_market,10,12,83.33,"[""market_ok"", ""bullish_turn_ok""]",El filtro del mercado general bloquea nuevas entradas.,False,True,False,False,True,True,True,True,True,True,True,True,False,False,True,True,True,True,True,55.68,54.8294,52.6832,51.1845,1.1471,1975097.0,0.0569,56.096,55.3053,0.7908,57.6776,63.0,56.657
2026-06-25,IWM,candidate,2026-06-24,253,blocked_by_market,10,12,83.33,"[""market_ok"", ""bullish_turn_ok""]",El filtro del mercado general bloquea nuevas entradas.,False,True,False,False,True,True,True,True,True,True,True,True,False,False,True,True,True,True,True,296.69,290.0799,282.8195,257.732,6.8984,29456760.0,0.049,299.9897,294.0002,5.9895,311.9687,8.0,302.9896
2026-06-25,META,candidate,2026-06-24,253,blocked_by_market,7,12,58.33,"[""market_ok"", ""close_above_sma200"", ""sma50_above_sma200"", ""pullback_ok"", ""bullish_turn_ok""]",El filtro del mercado general bloquea nuevas entradas.,False,False,False,False,True,True,True,True,False,False,True,False,False,False,False,False,True,True,True,557.67,585.4409,617.2199,650.9641,20.6692,19396770.0,-0.0965,569.609,553.4831,16.1259,601.8609,3.0,575.3051
2026-06-25,MSFT,candidate,2026-06-24,253,blocked_by_market,7,12,58.33,"[""market_ok"", ""close_above_sma200"", ""sma50_above_sma200"", ""pullback_ok"", ""bullish_turn_ok""]",El filtro del mercado general bloquea nuevas entradas.,False,False,False,False,True,True,True,True,False,False,True,False,False,False,False,False,True,True,True,365.46,395.5918,412.0578,447.595,11.4886,41243090.0,-0.1131,379.2589,363.6311,15.6277,410.5144,3.0,383.0515
2026-06-25,NVDA,candidate,2026-06-24,253,blocked_by_market,9,12,75.0,"[""market_ok"", ""pullback_ok"", ""bullish_turn_ok""]",El filtro del mercado general bloquea nuevas entradas.,False,True,False,False,True,True,True,True,True,True,True,False,False,False,False,False,True,True,True,199.0,208.1839,210.0508,190.1797,7.5693,169008060.0,-0.0526,201.8717,195.8231,6.0486,213.9689,8.0,203.8904
2026-06-25,QQQ,candidate,2026-06-24,253,blocked_by_market,10,12,83.33,"[""market_ok"", ""bullish_turn_ok""]",El filtro del mercado general bloquea nuevas entradas.,False,True,False,False,True,True,True,True,True,True,True,True,False,False,True,True,True,True,True,710.62,720.4517,698.9348,629.3149,20.3689,51036785.0,0.0167,720.6499,702.4131,18.2368,757.1235,2.0,727.8564
2026-06-25,REP.MC,candidate,2026-06-25,258,blocked_by_market,9,12,75.0,"[""market_ok"", ""pullback_ok"", ""bullish_turn_ok""]",El filtro del mercado general bloquea nuevas entradas.,False,True,False,False,True,True,True,True,True,True,True,False,False,False,False,False,True,True,True,20.98,21.9742,22.0752,18.3342,0.6936,3247390.0,-0.0496,21.1311,20.7906,0.3405,21.812,146.0,21.3424
2026-06-25,SAN.MC,candidate,2026-06-25,258,blocked_by_market,8,12,66.67,"[""market_ok"", ""distance_sma50_ok"", ""pullback_ok"", ""bullish_turn_ok""]",El filtro del mercado general bloquea nuevas entradas.,False,False,False,False,True,True,True,True,True,True,False,False,False,False,False,True,True,True,True,11.76,11.3201,10.7136,9.7824,0.274,29164451.0,0.0977,11.9019,11.6906,0.2113,12.3245,236.0,12.0209
2026-06-25,SPY,market_index,,253,market_filter_failed,0,0,0.0,,Filtro de mercado general usado para permitir/bloquear nuevas entradas.,False,False,False,False,False,False,False,False,False,False,False,False,False,False,False,False,False,False,False,,,,,,,,,,,,,
2026-06-25,TSLA,candidate,2026-06-24,253,blocked_by_market,7,12,58.33,"[""market_ok"", ""close_above_sma200"", ""sma50_above_sma200"", ""pullback_ok"", ""bullish_turn_ok""]",El filtro del mercado general bloquea nuevas entradas.,False,False,False,False,True,True,True,True,False,False,True,False,False,False,False,False,True,True,True,375.53,402.1038,404.7914,417.6574,19.0386,46990545.0,-0.0723,384.9646,371.1461,13.8184,412.6014,3.0,388.8142
2026-06-26,AAPL,candidate,2026-06-25,254,blocked_by_market,9,12,75.0,"[""market_ok"", ""pullback_ok"", ""bullish_turn_ok""]",El filtro del mercado general bloquea nuevas entradas.,False,True,False,False,True,True,True,True,True,True,True,False,False,False,False,False,True,True,True,275.15,295.4277,291.0597,268.8251,8.9529,56305730.0,-0.0547,289.0888,272.8547,16.2341,321.5569,3.0,291.9797
2026-06-26,AMZN,candidate,2026-06-25,254,blocked_by_market,8,12,66.67,"[""market_ok"", ""close_above_sma200"", ""pullback_ok"", ""bullish_turn_ok""]",El filtro del mercado general bloquea nuevas entradas.,False,False,False,False,True,True,True,True,False,True,True,False,False,False,False,False,True,True,True,227.01,243.8386,256.445,232.7954,8.4571,50849315.0,-0.1148,232.5523,224.7043,7.848,248.2484,6.0,234.8779
2026-06-26,BBVA.MC,candidate,2026-06-26,259,blocked_by_market,8,12,66.67,"[""market_ok"", ""distance_sma50_ok"", ""pullback_ok"", ""bullish_turn_ok""]",El filtro del mercado general bloquea nuevas entradas.,False,False,False,False,True,True,True,True,True,True,False,False,False,True,False,True,True,True,True,21.58,20.744,19.6522,18.4397,0.4893,11509330.0,0.0981,21.6516,21.4111,0.2406,22.1327,207.0,21.8681
2026-06-26,CABK.MC,candidate,2026-06-26,259,blocked_by_market,9,12,75.0,"[""market_ok"", ""distance_sma50_ok"", ""bullish_turn_ok""]",El filtro del mercado general bloquea nuevas entradas.,False,False,False,False,True,True,True,True,True,True,False,True,False,False,True,True,True,True,True,12.335,12.0713,11.361,10.0124,0.2468,5857665.0,0.0857,12.4324,12.2403,0.1921,12.8166,260.0,12.5567
2026-06-26,FER.MC,candidate,2026-06-26,259,blocked_by_market,10,12,83.33,"[""market_ok"", ""bullish_turn_ok""]",El filtro del mercado general bloquea nuevas entradas.,False,True,False,False,True,True,True,True,True,True,True,True,False,False,True,True,True,True,True,61.22,59.7722,58.6562,56.0974,1.2229,1187741.0,0.0437,61.7817,61.0377,0.744,63.2697,67.0,62.3995
2026-06-26,GOOGL,candidate,2026-06-25,254,blocked_by_market,9,12,75.0,"[""market_ok"", ""pullback_ok"", ""bullish_turn_ok""]",El filtro del mercado general bloquea nuevas entradas.,False,True,False,False,True,True,True,True,True,True,True,False,False,True,False,False,True,True,True,343.71,361.7021,369.106,313.0075,12.1011,36641600.0,-0.0688,345.9156,334.6299,11.2857,368.487,4.0,349.3747
2026-06-26,IBE.MC,candidate,2026-06-26,259,blocked_by_market,10,12,83.33,"[""market_ok"", ""distance_sma50_ok""]",El filtro del mercado general bloquea nuevas entradas.,False,False,True,False,True,True,True,True,True,True,False,True,True,True,True,True,True,True,True,21.72,20.6392,19.991,18.6175,0.3521,10648049.0,0.0865,21.7517,21.5148,0.2369,22.2256,211.0,21.9692
2026-06-26,ITX.MC,candidate,2026-06-26,259,blocked_by_market,11,12,91.67,"[""market_ok""]",El filtro del mercado general bloquea nuevas entradas.,False,True,True,False,True,True,True,True,True,True,True,True,True,True,True,True,True,True,True,56.64,55.1116,52.8533,51.3028,1.0614,1894957.0,0.0716,56.9169,56.1939,0.723,58.3629,69.0,57.486
2026-06-26,IWM,candidate,2026-06-25,254,blocked_by_market,9,12,75.0,"[""market_ok"", ""pullback_ok"", ""bullish_turn_ok""]",El filtro del mercado general bloquea nuevas entradas.,False,True,False,False,True,True,True,True,True,True,True,False,False,False,True,True,False,True,True,298.91,290.9209,283.4361,258.0476,6.7987,29616330.0,0.0546,301.8015,296.0501,5.7514,313.3042,8.0,304.8195
2026-06-26,META,candidate,2026-06-25,254,blocked_by_market,7,12,58.33,"[""market_ok"", ""close_above_sma200"", ""sma50_above_sma200"", ""pullback_ok"", ""bullish_turn_ok""]",El filtro del mercado general bloquea nuevas entradas.,False,False,False,False,True,True,True,True,False,False,True,False,False,False,False,False,True,True,True,542.87,581.3866,614.8398,649.9292,20.4933,19087870.0,-0.1171,556.8964,538.1307,18.7657,594.4278,2.0,562.4653
2026-06-26,MSFT,candidate,2026-06-25,254,blocked_by_market,7,12,58.33,"[""market_ok"", ""close_above_sma200"", ""sma50_above_sma200"", ""pullback_ok"", ""bullish_turn_ok""]",El filtro del mercado general bloquea nuevas entradas.,False,False,False,False,True,True,True,True,False,False,True,False,False,False,False,False,True,True,True,352.83,391.5192,411.2692,446.8838,11.9543,43117100.0,-0.1421,364.5942,348.0046,16.5897,397.7736,3.0,368.2402
2026-06-26,NVDA,candidate,2026-06-25,254,blocked_by_market,9,12,75.0,"[""market_ok"", ""pullback_ok"", ""bullish_turn_ok""]",El filtro del mercado general bloquea nuevas entradas.,False,True,False,False,True,True,True,True,True,True,True,False,False,False,False,False,True,True,True,195.74,206.9988,210.04,190.318,7.4293,168154820.0,-0.0681,201.0008,191.3871,9.6137,220.2283,5.0,203.0108
2026-06-26,QQQ,candidate,2026-06-25,254,blocked_by_market,11,12,91.67,"[""market_ok""]",El filtro del mercado general bloquea nuevas entradas.,False,True,True,False,True,True,True,True,True,True,True,True,True,True,True,True,True,True,True,716.38,720.064,700.7042,630.0164,21.0798,51777810.0,0.0224,727.5568,703.192,24.3648,776.2865,2.0,734.8324
2026-06-26,REP.MC,candidate,2026-06-26,259,blocked_by_market,9,12,75.0,"[""market_ok"", ""pullback_ok"", ""bullish_turn_ok""]",El filtro del mercado general bloquea nuevas entradas.,False,True,False,False,True,True,True,True,True,True,True,False,False,False,False,False,True,True,True,21.15,21.9353,22.0888,18.3719,0.695,3274314.0,-0.0425,21.4014,21.0305,0.3709,22.1431,134.0,21.6154
2026-06-26,SAN.MC,candidate,2026-06-26,259,blocked_by_market,8,12,66.67,"[""market_ok"", ""distance_sma50_ok"", ""pullback_ok"", ""bullish_turn_ok""]",El filtro del mercado general bloquea nuevas entradas.,False,False,False,False,True,True,True,True,True,True,False,False,False,True,False,True,True,True,True,11.882,11.387,10.7464,9.8009,0.266,27465015.0,0.1057,11.9099,11.7434,0.1665,12.2429,300.0,12.029
2026-06-26,SPY,market_index,,254,market_filter_failed,0,0,0.0,,Filtro de mercado general usado para permitir/bloquear nuevas entradas.,False,False,False,False,False,False,False,False,False,False,False,False,False,False,False,False,False,False,False,,,,,,,,,,,,,
2026-06-26,TSLA,candidate,2026-06-25,254,blocked_by_market,7,12,58.33,"[""market_ok"", ""close_above_sma200"", ""sma50_above_sma200"", ""pullback_ok"", ""bullish_turn_ok""]",El filtro del mercado general bloquea nuevas entradas.,False,False,False,False,True,True,True,True,False,False,True,False,False,False,False,False,True,True,True,375.12,399.534,405.0098,417.801,18.9464,46272410.0,-0.0738,379.4991,369.3254,10.1738,399.8466,4.0,383.2941
2026-06-27,AAPL,candidate,2026-06-25,254,blocked_by_market,9,12,75.0,"[""market_ok"", ""pullback_ok"", ""bullish_turn_ok""]",El filtro del mercado general bloquea nuevas entradas.,False,True,False,False,True,True,True,True,True,True,True,False,False,False,False,False,True,True,True,275.15,295.4277,291.0597,268.8251,8.9529,56317730.0,-0.0547,289.0888,272.8547,16.2341,321.5569,3.0,291.9797
2026-06-27,AMZN,candidate,2026-06-25,254,blocked_by_market,8,12,66.67,"[""market_ok"", ""close_above_sma200"", ""pullback_ok"", ""bullish_turn_ok""]",El filtro del mercado general bloquea nuevas entradas.,False,False,False,False,True,True,True,True,False,True,True,False,False,False,False,False,True,True,True,227.01,243.8386,256.445,232.7954,8.4571,50858535.0,-0.1148,232.5523,224.7043,7.848,248.2484,6.0,234.8779
2026-06-27,BBVA.MC,candidate,2026-06-26,259,blocked_by_market,8,12,66.67,"[""market_ok"", ""distance_sma50_ok"", ""pullback_ok"", ""bullish_turn_ok""]",El filtro del mercado general bloquea nuevas entradas.,False,False,False,False,True,True,True,True,True,True,False,False,False,True,False,True,True,True,True,21.47,20.7335,19.65,18.4392,0.5014,11787708.0,0.0926,21.6516,21.2399,0.4118,22.4752,121.0,21.8681
2026-06-27,CABK.MC,candidate,2026-06-26,259,blocked_by_market,9,12,75.0,"[""market_ok"", ""distance_sma50_ok"", ""bullish_turn_ok""]",El filtro del mercado general bloquea nuevas entradas.,False,False,False,False,True,True,True,True,True,True,False,True,False,False,True,True,True,True,True,12.31,12.069,11.3605,10.0122,0.2482,6082289.0,0.0836,12.4324,12.2202,0.2122,12.8569,235.0,12.5567
2026-06-27,FER.MC,candidate,2026-06-26,259,blocked_by_market,10,12,83.33,"[""market_ok"", ""bullish_turn_ok""]",El filtro del mercado general bloquea nuevas entradas.,False,True,False,False,True,True,True,True,True,True,True,True,False,False,True,True,True,True,True,60.74,59.7265,58.6466,56.095,1.2743,1223692.0,0.0357,61.7817,60.3126,1.4692,64.72,34.0,62.3995
2026-06-27,GOOGL,candidate,2026-06-25,254,blocked_by_market,9,12,75.0,"[""market_ok"", ""pullback_ok"", ""bullish_turn_ok""]",El filtro del mercado general bloquea nuevas entradas.,False,True,False,False,True,True,True,True,True,True,True,False,False,True,False,False,True,True,True,343.71,361.7021,369.106,313.0075,12.1011,36645260.0,-0.0688,345.9156,334.6299,11.2857,368.487,4.0,349.3747
2026-06-27,IBE.MC,candidate,2026-06-26,259,blocked_by_market,9,12,75.0,"[""market_ok"", ""distance_sma50_ok"", ""bullish_turn_ok""]",El filtro del mercado general bloquea nuevas entradas.,False,False,False,False,True,True,True,True,True,True,False,True,False,False,True,True,True,True,True,21.69,20.6364,19.9904,18.6174,0.3636,11189752.0,0.085,21.9119,21.5136,0.3982,22.7084,125.0,22.131
2026-06-27,ITX.MC,candidate,2026-06-26,259,blocked_by_market,10,12,83.33,"[""market_ok"", ""bullish_turn_ok""]",El filtro del mercado general bloquea nuevas entradas.,False,True,False,False,True,True,True,True,True,True,True,True,False,False,True,True,True,True,True,56.0,55.0506,52.8405,51.2996,1.1143,1946524.0,0.0598,56.9169,55.4486,1.4683,59.8534,34.0,57.486
2026-06-27,IWM,candidate,2026-06-25,254,blocked_by_market,9,12,75.0,"[""market_ok"", ""pullback_ok"", ""bullish_turn_ok""]",El filtro del mercado general bloquea nuevas entradas.,False,True,False,False,True,True,True,True,True,True,True,False,False,False,True,True,False,True,True,298.91,290.9209,283.4361,258.0476,6.7987,29619640.0,0.0546,301.8015,296.0501,5.7514,313.3042,8.0,304.8195
2026-06-27,META,candidate,2026-06-25,254,blocked_by_market,7,12,58.33,"[""market_ok"", ""close_above_sma200"", ""sma50_above_sma200"", ""pullback_ok"", ""bullish_turn_ok""]",El filtro del mercado general bloquea nuevas entradas.,False,False,False,False,True,True,True,True,False,False,True,False,False,False,False,False,True,True,True,542.87,581.3866,614.8398,649.9292,20.4933,19090020.0,-0.1171,556.8964,538.1307,18.7657,594.4278,2.0,562.4653
2026-06-27,MSFT,candidate,2026-06-25,254,blocked_by_market,7,12,58.33,"[""market_ok"", ""close_above_sma200"", ""sma50_above_sma200"", ""pullback_ok"", ""bullish_turn_ok""]",El filtro del mercado general bloquea nuevas entradas.,False,False,False,False,True,True,True,True,False,False,True,False,False,False,False,False,True,True,True,352.83,391.5192,411.2692,446.8838,11.9543,43126175.0,-0.1421,364.5942,348.0046,16.5897,397.7736,3.0,368.2402
2026-06-27,NVDA,candidate,2026-06-25,254,blocked_by_market,9,12,75.0,"[""market_ok"", ""pullback_ok"", ""bullish_turn_ok""]",El filtro del mercado general bloquea nuevas entradas.,False,True,False,False,True,True,True,True,True,True,True,False,False,False,False,False,True,True,True,195.74,206.9988,210.04,190.318,7.4293,168187600.0,-0.0681,201.0008,191.3871,9.6137,220.2283,5.0,203.0108
2026-06-27,QQQ,candidate,2026-06-25,254,blocked_by_market,11,12,91.67,"[""market_ok""]",El filtro del mercado general bloquea nuevas entradas.,False,True,True,False,True,True,True,True,True,True,True,True,True,True,True,True,True,True,True,716.38,720.064,700.7042,630.0164,21.0798,51801615.0,0.0224,727.5568,703.192,24.3648,776.2865,2.0,734.8324
2026-06-27,REP.MC,candidate,2026-06-26,259,blocked_by_market,9,12,75.0,"[""market_ok"", ""pullback_ok"", ""bullish_turn_ok""]",El filtro del mercado general bloquea nuevas entradas.,False,True,False,False,True,True,True,True,True,True,True,False,False,True,False,False,True,True,True,21.24,21.9439,22.0906,18.3724,0.695,3382472.0,-0.0385,21.4014,21.0305,0.3709,22.1431,134.0,21.6154
2026-06-27,SAN.MC,candidate,2026-06-26,259,blocked_by_market,8,12,66.67,"[""market_ok"", ""distance_sma50_ok"", ""pullback_ok"", ""bullish_turn_ok""]",El filtro del mercado general bloquea nuevas entradas.,False,False,False,False,True,True,True,True,True,True,False,False,False,True,False,True,True,True,True,11.83,11.3821,10.7453,9.8006,0.2691,27958570.0,0.1009,11.9099,11.6991,0.2108,12.3315,237.0,12.029
2026-06-27,SPY,market_index,,254,market_filter_failed,0,0,0.0,,Filtro de mercado general usado para permitir/bloquear nuevas entradas.,False,False,False,False,False,False,False,False,False,False,False,False,False,False,False,False,False,False,False,,,,,,,,,,,,,
2026-06-27,TSLA,candidate,2026-06-25,254,blocked_by_market,7,12,58.33,"[""market_ok"", ""close_above_sma200"", ""sma50_above_sma200"", ""pullback_ok"", ""bullish_turn_ok""]",El filtro del mercado general bloquea nuevas entradas.,False,False,False,False,True,True,True,True,False,False,True,False,False,False,False,False,True,True,True,375.12,399.534,405.0098,417.801,18.9464,46278470.0,-0.0738,379.4991,369.3254,10.1738,399.8466,4.0,383.2941
2026-06-30,AAPL,candidate,2026-06-29,253,trend_only,10,12,83.33,"[""pullback_ok"", ""bullish_turn_ok""]","Cumple tendencia, pero todavía no hay retroceso/vela señal válida.",True,True,False,False,True,True,True,True,True,True,True,False,False,False,False,False,True,True,True,281.74,293.1204,291.7833,269.3535,8.6679,66800565.0,-0.0344,288.6584,278.9832,9.6751,308.0087,5.0,291.5449
2026-06-30,AMZN,candidate,2026-06-29,253,trend_only,10,12,83.33,"[""pullback_ok"", ""bullish_turn_ok""]","Cumple tendencia, pero todavía no hay retroceso/vela señal válida.",True,True,False,False,True,True,True,True,True,True,True,False,False,False,False,False,True,True,True,240.14,242.5257,255.9376,232.8167,9.0379,62375160.0,-0.0617,249.9597,232.8962,17.0635,284.0867,2.0,252.4593
2026-06-30,BBVA.MC,candidate,2026-06-30,258,rejected,11,12,91.67,"[""distance_sma50_ok""]",No cumple los filtros mínimos de tendencia/liquidez/precio.,True,False,True,False,True,True,True,True,True,True,False,True,True,True,True,True,True,True,True,21.73,20.8988,19.7171,18.5008,0.4664,11528377.0,0.1021,21.7617,21.4234,0.3384,22.4385,147.0,21.9794
2026-06-30,CABK.MC,candidate,2026-06-30,258,rejected,11,12,91.67,"[""distance_sma50_ok""]",No cumple los filtros mínimos de tendencia/liquidez/precio.,True,False,True,False,True,True,True,True,True,True,False,True,True,True,True,True,True,True,True,12.36,12.1097,11.42,10.0512,0.2336,5944422.0,0.0823,12.3824,12.1816,0.2007,12.7838,249.0,12.5062
2026-06-30,FER.MC,candidate,2026-06-30,258,valid_signal,12,12,100.0,[],Cumple todos los filtros y genera señal operable.,True,True,True,True,True,True,True,True,True,True,True,True,True,True,True,True,True,True,True,60.48,59.8081,58.6476,56.2181,1.22,1203235.0,0.0312,60.5805,59.778,0.8025,62.1856,62.0,61.1863
2026-06-30,GOOGL,candidate,2026-06-29,253,almost_valid,11,12,91.67,"[""pullback_ok""]","Tiene tendencia y parte del setup, pero le falta alguna condición final.",True,True,False,False,True,True,True,True,True,True,True,False,True,True,False,False,True,True,True,353.65,358.8403,369.472,314.0734,13.335,40646540.0,-0.0428,354.7044,339.3365,15.3678,385.44,3.0,358.2514
2026-06-30,IBE.MC,candidate,2026-06-30,258,rejected,10,12,83.33,"[""distance_sma50_ok"", ""pullback_ok""]",No cumple los filtros mínimos de tendencia/liquidez/precio.,True,False,False,False,True,True,True,True,True,True,False,False,True,True,True,True,False,True,True,22.03,20.8711,20.0742,18.6811,0.3621,11291385.0,0.0974,22.0821,21.8638,0.2183,22.5186,229.0,22.3029
2026-06-30,ITX.MC,candidate,2026-06-30,258,valid_signal,12,12,100.0,[],Cumple todos los filtros y genera señal operable.,True,True,True,True,True,True,True,True,True,True,True,True,True,True,True,True,True,True,True,55.54,55.1273,52.9094,51.4069,1.05,1885975.0,0.0497,55.6756,54.875,0.8006,57.2769,62.0,56.2324
2026-06-30,IWM,candidate,2026-06-29,253,almost_valid,11,12,91.67,"[""bullish_turn_ok""]","Tiene tendencia y parte del setup, pero le falta alguna condición final.",True,True,False,False,True,True,True,True,True,True,True,True,False,True,True,True,True,True,True,298.97,292.4551,284.6509,258.6995,6.2587,30314645.0,0.0503,299.4592,294.0541,5.405,310.2693,9.0,302.4538
2026-06-30,META,candidate,2026-06-29,253,rejected,8,12,66.67,"[""close_above_sma200"", ""sma50_above_sma200"", ""pullback_ok"", ""bullish_turn_ok""]",No cumple los filtros mínimos de tendencia/liquidez/precio.,True,False,False,False,True,True,True,True,False,False,True,False,False,False,False,False,True,True,True,562.6,576.9144,610.1527,647.9298,18.8602,18953505.0,-0.0779,571.4709,556.114,15.3569,602.1848,3.0,577.1856
2026-06-30,MSFT,candidate,2026-06-29,253,rejected,8,12,66.67,"[""close_above_sma200"", ""sma50_above_sma200"", ""pullback_ok"", ""bullish_turn_ok""]",No cumple los filtros mínimos de tendencia/liquidez/precio.,True,False,False,False,True,True,True,True,False,False,True,False,False,False,False,False,True,True,True,368.57,387.7352,409.5063,445.629,13.4336,48632635.0,-0.1,380.8805,358.5566,22.3239,425.5282,2.0,384.6893
2026-06-30,NVDA,candidate,2026-06-29,253,almost_valid,11,12,91.67,"[""pullback_ok""]","Tiene tendencia y parte del setup, pero le falta alguna condición final.",True,True,False,False,True,True,True,True,True,True,True,False,True,True,False,False,True,True,True,194.97,204.6064,209.8549,190.5174,6.8007,162866110.0,-0.0709,196.3762,189.1199,7.2562,210.8887,6.0,198.3399
2026-06-30,QQQ,candidate,2026-06-29,253,valid_signal,12,12,100.0,[],Cumple todos los filtros y genera señal operable.,True,True,True,True,True,True,True,True,True,True,True,True,True,True,True,True,True,True,True,724.08,719.2794,703.7869,631.3911,19.564,52841070.0,0.0288,725.3046,703.2136,22.091,769.4866,2.0,732.5576
2026-06-30,REP.MC,candidate,2026-06-30,258,almost_valid,11,12,91.67,"[""pullback_ok""]","Tiene tendencia y parte del setup, pero le falta alguna condición final.",True,True,False,False,True,True,True,True,True,True,True,False,True,True,False,False,True,True,True,21.84,21.9018,22.1614,18.4473,0.6657,3305827.0,-0.0145,21.9419,21.4534,0.4885,22.9189,102.0,22.1613
2026-06-30,SAN.MC,candidate,2026-06-30,258,rejected,10,12,83.33,"[""distance_sma50_ok"", ""pullback_ok""]",No cumple los filtros mínimos de tendencia/liquidez/precio.,True,False,False,False,True,True,True,True,True,True,False,False,True,True,False,True,True,True,True,11.994,11.4865,10.7928,9.8368,0.2456,26360894.0,0.1113,12.014,11.8234,0.1906,12.3951,262.0,12.1341
2026-06-30,SPY,market_index,,253,market_ok,0,0,0.0,,Filtro de mercado general usado para permitir/bloquear nuevas entradas.,True,False,False,False,False,False,False,False,False,False,False,False,False,False,False,False,False,False,False,,,,,,,,,,,,,
2026-06-30,TSLA,candidate,2026-06-29,253,rejected,9,12,75.0,"[""close_above_sma200"", ""sma50_above_sma200"", ""pullback_ok""]",No cumple los filtros mínimos de tendencia/liquidez/precio.,True,False,False,False,True,True,True,True,False,False,True,False,True,True,False,False,True,True,True,411.84,398.9978,405.2238,418.285,18.5993,47933515.0,0.0163,413.6833,377.4401,36.2432,486.1697,1.0,417.8201
2026-07-01,AAPL,candidate,2026-06-30,253,almost_valid,11,12,91.67,"[""pullback_ok""]","Tiene tendencia y parte del setup, pero le falta alguna condición final.",True,True,False,False,True,True,True,True,True,True,True,False,True,True,False,False,True,True,True,289.36,292.7623,292.1709,269.6534,8.345,67613190.0,-0.0096,290.2299,279.8655,10.3644,310.9588,4.0,293.1322
2026-07-01,AMZN,candidate,2026-06-30,253,trend_only,10,12,83.33,"[""pullback_ok"", ""bullish_turn_ok""]","Cumple tendencia, pero todavía no hay retroceso/vela señal válida.",True,True,False,False,True,True,True,True,True,True,True,False,False,False,False,False,True,True,True,238.34,242.1271,255.6932,232.8586,8.6336,63004055.0,-0.0679,241.7815,236.3066,5.4749,252.7313,9.0,244.1993
2026-07-01,BBVA.MC,candidate,2026-07-01,258,rejected,10,12,83.33,"[""distance_sma50_ok"", ""bullish_turn_ok""]",No cumple los filtros mínimos de tendencia/liquidez/precio.,True,False,False,False,True,True,True,True,True,True,False,True,False,False,True,True,True,True,True,21.79,20.9957,19.7711,18.5335,0.4739,11615508.0,0.1021,21.972,21.5926,0.3793,22.7306,131.0,22.1917
2026-07-01,CABK.MC,candidate,2026-07-01,258,almost_valid,11,12,91.67,"[""bullish_turn_ok""]","Tiene tendencia y parte del setup, pero le falta alguna condición final.",True,True,False,False,True,True,True,True,True,True,True,True,False,False,True,True,True,True,True,12.325,12.1324,11.4511,10.0717,0.23,5803559.0,0.0763,12.4374,12.247,0.1904,12.8183,262.0,12.5618
2026-07-01,FER.MC,candidate,2026-07-01,258,almost_valid,11,12,91.67,"[""bullish_turn_ok""]","Tiene tendencia y parte del setup, pero le falta alguna condición final.",True,True,False,False,True,True,True,True,True,True,True,True,False,False,True,True,True,True,True,59.36,59.7223,58.6347,56.2761,1.2214,1229091.0,0.0124,60.1,58.8779,1.2222,62.5444,40.0,60.701
2026-07-01,GOOGL,candidate,2026-06-30,253,almost_valid,11,12,91.67,"[""pullback_ok""]","Tiene tendencia y parte del setup, pero le falta alguna condición final.",True,True,False,False,True,True,True,True,True,True,True,False,True,True,False,False,True,True,True,357.37,358.7003,369.7899,314.6607,12.8664,40974895.0,-0.0336,358.9786,349.1134,9.8653,378.7091,5.0,362.5684
2026-07-01,IBE.MC,candidate,2026-07-01,258,trend_only,10,12,83.33,"[""pullback_ok"", ""bullish_turn_ok""]","Cumple tendencia, pero todavía no hay retroceso/vela señal válida.",True,True,False,False,True,True,True,True,True,True,True,False,False,False,True,True,False,True,True,21.69,20.9327,20.1057,18.7115,0.3507,11791123.0,0.0788,22.002,21.6149,0.3871,22.7761,129.0,22.222
2026-07-01,ITX.MC,candidate,2026-07-01,258,almost_valid,11,12,91.67,"[""bullish_turn_ok""]","Tiene tendencia y parte del setup, pero le falta alguna condición final.",True,True,False,False,True,True,True,True,True,True,True,True,False,False,True,True,True,True,True,54.94,55.0733,52.94,51.4602,1.0057,1774277.0,0.0378,55.3553,54.5994,0.7559,56.867,66.0,55.9089
2026-07-01,IWM,candidate,2026-06-30,253,valid_signal,12,12,100.0,[],Cumple todos los filtros y genera señal operable.,True,True,True,True,True,True,True,True,True,True,True,True,True,True,True,True,True,True,True,300.45,293.2165,285.1573,259.0101,5.5674,30283025.0,0.0536,301.281,296.8833,4.3977,310.0764,11.0,304.2938
2026-07-01,META,candidate,2026-06-30,253,rejected,9,12,75.0,"[""close_above_sma200"", ""sma50_above_sma200"", ""pullback_ok""]",No cumple los filtros mínimos de tendencia/liquidez/precio.,True,False,False,False,True,True,True,True,False,False,True,False,True,True,False,False,True,True,True,563.29,575.6168,607.6603,647.0041,18.682,18365940.0,-0.073,566.1055,549.5618,16.5437,599.193,3.0,571.7666
2026-07-01,MSFT,candidate,2026-06-30,253,rejected,9,12,75.0,"[""close_above_sma200"", ""sma50_above_sma200"", ""pullback_ok""]",No cumple los filtros mínimos de tendencia/liquidez/precio.,True,False,False,False,True,True,True,True,False,False,True,False,True,True,False,False,True,True,True,373.02,386.3338,408.5292,445.0048,12.9479,48204195.0,-0.0869,374.5241,366.1552,8.3689,391.262,5.0,378.2694
2026-07-01,NVDA,candidate,2026-06-30,253,almost_valid,11,12,91.67,"[""pullback_ok""]","Tiene tendencia y parte del setup, pero le falta alguna condición final.",True,True,False,False,True,True,True,True,True,True,True,False,True,True,False,False,True,True,True,200.09,204.1763,209.8278,190.6331,6.3436,160548040.0,-0.0464,200.8306,194.4756,6.355,213.5406,7.0,202.8389
2026-07-01,QQQ,candidate,2026-06-30,253,valid_signal,12,12,100.0,[],Cumple todos los filtros y genera señal operable.,True,True,True,True,True,True,True,True,True,True,True,True,True,True,True,True,True,True,True,736.4,720.9099,705.5521,632.1667,17.74,53261540.0,0.0437,738.3576,722.136,16.2216,770.8009,3.0,745.7412
2026-07-01,REP.MC,candidate,2026-07-01,258,almost_valid,11,12,91.67,"[""pullback_ok""]","Tiene tendencia y parte del setup, pero le falta alguna condición final.",True,True,False,False,True,True,True,True,True,True,True,False,True,True,False,False,True,True,True,22.05,21.9305,22.192,18.4864,0.6193,3451559.0,-0.0064,22.1621,21.7781,0.3841,22.9303,130.0,22.3838
2026-07-01,SAN.MC,candidate,2026-07-01,258,rejected,10,12,83.33,"[""distance_sma50_ok"", ""bullish_turn_ok""]",No cumple los filtros mínimos de tendencia/liquidez/precio.,True,False,False,False,True,True,True,True,True,True,False,True,False,False,True,True,True,True,True,11.984,11.5417,10.8241,9.8562,0.251,26265627.0,0.1072,12.0741,11.8869,0.1872,12.4484,267.0,12.1948
2026-07-01,SPY,market_index,,253,market_ok,0,0,0.0,,Filtro de mercado general usado para permitir/bloquear nuevas entradas.,True,False,False,False,False,False,False,False,False,False,False,False,False,False,False,False,False,False,False,,,,,,,,,,,,,
2026-07-01,TSLA,candidate,2026-06-30,253,rejected,10,12,83.33,"[""sma50_above_sma200"", ""pullback_ok""]",No cumple los filtros mínimos de tendencia/liquidez/precio.,True,False,False,False,True,True,True,True,True,False,True,False,True,True,False,False,True,True,True,420.6,401.0551,405.6234,418.5439,17.4764,47852335.0,0.0369,424.9645,404.2524,20.7122,466.3889,2.0,429.2142
2026-07-02,AAPL,candidate,2026-07-01,253,almost_valid,11,12,91.67,"[""pullback_ok""]","Tiene tendencia y parte del setup, pero le falta alguna condición final.",True,True,False,False,True,True,True,True,True,True,True,False,True,True,False,False,True,True,True,294.38,292.9164,292.6025,269.9582,8.3464,67894750.0,0.0061,296.8866,288.3654,8.5212,313.929,5.0,299.8555
2026-07-02,AMZN,candidate,2026-07-01,253,almost_valid,11,12,91.67,"[""pullback_ok""]","Tiene tendencia y parte del setup, pero le falta alguna condición final.",True,True,False,False,True,True,True,True,True,True,True,False,True,True,False,False,True,True,True,241.7,242.0864,255.5616,232.9264,8.8664,63590040.0,-0.0542,245.1449,234.0134,11.1315,267.408,4.0,247.5963
2026-07-02,BBVA.MC,candidate,2026-07-02,258,rejected,11,12,91.67,"[""distance_sma50_ok""]",No cumple los filtros mínimos de tendencia/liquidez/precio.,True,False,True,False,True,True,True,True,True,True,False,True,True,True,True,True,True,True,True,22.26,21.1299,19.8382,18.5693,0.4329,11509102.0,0.1221,22.2823,21.9267,0.3555,22.9934,140.0,22.5051
2026-07-02,CABK.MC,candidate,2026-07-02,258,rejected,11,12,91.67,"[""distance_sma50_ok""]",No cumple los filtros mínimos de tendencia/liquidez/precio.,True,False,True,False,True,True,True,True,True,True,False,True,True,True,True,True,True,True,True,12.625,12.1944,11.495,10.0948,0.2157,5846319.0,0.0983,12.6476,12.4734,0.1742,12.996,287.0,12.7741
2026-07-02,FER.MC,candidate,2026-07-02,258,almost_valid,11,12,91.67,"[""bullish_turn_ok""]","Tiene tendencia y parte del setup, pero le falta alguna condición final.",True,True,False,False,True,True,True,True,True,True,True,True,False,False,True,True,True,True,True,58.96,59.617,58.625,56.3302,1.1314,1228531.0,0.0057,59.2792,58.6269,0.6524,60.5839,76.0,59.872
2026-07-02,GOOGL,candidate,2026-07-01,253,almost_valid,11,12,91.67,"[""pullback_ok""]","Tiene tendencia y parte del setup, pero le falta alguna condición final.",True,True,False,False,True,True,True,True,True,True,True,False,True,True,False,False,True,True,True,361.21,358.9393,370.2698,315.2651,12.3793,39790960.0,-0.0245,363.333,355.1921,8.1409,379.6148,6.0,366.9663
2026-07-02,IBE.MC,candidate,2026-07-02,258,valid_signal,12,12,100.0,[],Cumple todos los filtros y genera señal operable.,True,True,True,True,True,True,True,True,True,True,True,True,True,True,True,True,True,True,True,21.46,20.9605,20.131,18.7408,0.3614,11887673.0,0.066,21.5816,21.3139,0.2677,22.117,186.0,21.7974
2026-07-02,ITX.MC,candidate,2026-07-02,258,valid_signal,12,12,100.0,[],Cumple todos los filtros y genera señal operable.,True,True,True,True,True,True,True,True,True,True,True,True,True,True,True,True,True,True,True,56.14,55.2438,53.0355,51.524,0.9786,1729456.0,0.0585,56.3563,55.4421,0.9142,58.1846,54.0,56.9199
2026-07-02,IWM,candidate,2026-07-01,253,almost_valid,11,12,91.67,"[""bullish_turn_ok""]","Tiene tendencia y parte del setup, pero le falta alguna condición final.",True,True,False,False,True,True,True,True,True,True,True,True,False,False,True,True,True,True,True,299.32,293.7978,285.6099,259.3273,5.3229,30396790.0,0.048,303.0227,298.3877,4.635,312.2927,10.0,306.0529
2026-07-02,META,candidate,2026-07-01,253,rejected,9,12,75.0,"[""close_above_sma200"", ""sma50_above_sma200"", ""pullback_ok""]",No cumple los filtros mínimos de tendencia/liquidez/precio.,True,False,False,False,True,True,True,True,False,False,True,False,True,True,False,False,True,True,True,612.91,579.1686,606.5127,646.303,21.8455,19764695.0,0.0105,628.9083,592.9154,35.9929,700.8941,1.0,635.1974
2026-07-02,MSFT,candidate,2026-07-01,253,rejected,9,12,75.0,"[""close_above_sma200"", ""sma50_above_sma200"", ""pullback_ok""]",No cumple los filtros mínimos de tendencia/liquidez/precio.,True,False,False,False,True,True,True,True,False,False,True,False,True,True,False,False,True,True,True,384.28,386.1382,407.8715,444.3928,13.5143,48755730.0,-0.0578,389.2188,373.5386,15.6802,420.5793,3.0,393.111
2026-07-02,NVDA,candidate,2026-07-01,253,trend_only,10,12,83.33,"[""pullback_ok"", ""bullish_turn_ok""]","Cumple tendencia, pero todavía no hay retroceso/vela señal válida.",True,True,False,False,True,True,True,True,True,True,True,False,False,True,False,False,True,True,True,197.58,203.5481,209.7429,190.733,6.2271,158193230.0,-0.058,200.0499,192.8273,7.2226,214.495,6.0,202.0504
2026-07-02,QQQ,candidate,2026-07-01,253,almost_valid,11,12,91.67,"[""bullish_turn_ok""]","Tiene tendencia y parte del setup, pero le falta alguna condición final.",True,True,False,False,True,True,True,True,True,True,True,True,False,False,True,True,True,True,True,725.17,721.3156,707.1339,632.8734,17.2736,53779970.0,0.0255,732.6519,722.8726,9.7793,752.2105,5.0,739.9784
2026-07-02,REP.MC,candidate,2026-07-02,258,almost_valid,11,12,91.67,"[""pullback_ok""]","Tiene tendencia y parte del setup, pero le falta alguna condición final.",True,True,False,False,True,True,True,True,True,True,True,False,True,True,False,False,False,True,True,22.31,21.971,22.2146,18.5267,0.5443,3599120.0,0.0043,22.3523,21.8756,0.4768,23.3058,104.0,22.5759
2026-07-02,SAN.MC,candidate,2026-07-02,258,rejected,10,12,83.33,"[""distance_sma50_ok"", ""pullback_ok""]",No cumple los filtros mínimos de tendencia/liquidez/precio.,True,False,False,False,True,True,True,True,True,True,False,False,True,True,True,True,False,True,True,12.194,11.6152,10.8622,9.8769,0.223,26299493.0,0.1226,12.2082,12.0477,0.1605,12.5292,311.0,12.3303
2026-07-02,SPY,market_index,,253,market_ok,0,0,0.0,,Filtro de mercado general usado para permitir/bloquear nuevas entradas.,True,False,False,False,False,False,False,False,False,False,False,False,False,False,False,False,False,False,False,,,,,,,,,,,,,
2026-07-02,TSLA,candidate,2026-07-01,253,rejected,9,12,75.0,"[""sma50_above_sma200"", ""pullback_ok"", ""bullish_turn_ok""]",No cumple los filtros mínimos de tendencia/liquidez/precio.,True,False,False,False,True,True,True,True,True,False,True,False,False,False,False,False,False,True,True,425.3,403.3642,406.2794,418.6907,17.3214,47986755.0,0.0468,433.2928,416.3579,16.935,467.1628,2.0,437.6258
2026-07-03,AAPL,candidate,2026-07-02,254,almost_valid,11,12,91.67,"[""pullback_ok""]","Tiene tendencia y parte del setup, pero le falta alguna condición final.",True,True,False,False,True,True,True,True,True,True,True,False,True,True,False,False,False,True,True,308.63,294.4129,293.4566,270.3212,8.9414,69123290.0,0.0517,309.7294,292.7858,16.9436,343.6166,2.0,312.8267
2026-07-03,AMZN,candidate,2026-07-02,254,trend_only,10,12,83.33,"[""pullback_ok"", ""bullish_turn_ok""]","Cumple tendencia, pero todavía no hay retroceso/vela señal válida.",True,True,False,False,True,True,True,True,True,True,True,False,False,False,False,False,False,True,True,242.67,242.142,255.4168,232.9826,8.7721,63454630.0,-0.0499,246.9667,240.2028,6.7639,260.4946,7.0,249.4364
2026-07-03,BBVA.MC,candidate,2026-07-03,259,rejected,10,12,83.33,"[""distance_sma50_ok"", ""pullback_ok""]",No cumple los filtros mínimos de tendencia/liquidez/precio.,True,False,False,False,True,True,True,True,True,True,False,False,True,True,True,True,False,True,True,22.6,21.2854,19.9206,18.6061,0.4243,11580525.0,0.1345,22.6626,22.4176,0.2451,23.1528,204.0,22.8893
2026-07-03,CABK.MC,candidate,2026-07-03,259,rejected,10,12,83.33,"[""distance_sma50_ok"", ""bullish_turn_ok""]",No cumple los filtros mínimos de tendencia/liquidez/precio.,True,False,False,False,True,True,True,True,True,True,False,True,False,False,True,True,True,True,True,12.625,12.2349,11.5381,10.1169,0.2089,6002293.0,0.0942,12.7227,12.5941,0.1286,12.9799,388.0,12.8499
2026-07-03,FER.MC,candidate,2026-07-03,259,valid_signal,12,12,100.0,[],Cumple todos los filtros y genera señal operable.,True,True,True,True,True,True,True,True,True,True,True,True,True,True,True,True,True,True,True,60.0,59.7206,58.6517,56.3934,1.1243,1220814.0,0.023,60.1801,59.4676,0.7125,61.6052,70.0,60.7819
2026-07-03,GOOGL,candidate,2026-07-02,254,almost_valid,11,12,91.67,"[""pullback_ok""]","Tiene tendencia y parte del setup, pero le falta alguna condición final.",True,True,False,False,True,True,True,True,True,True,True,False,True,True,False,False,True,True,True,359.91,359.0318,370.8261,315.8091,12.2614,38320065.0,-0.0294,364.5742,352.1939,12.3803,389.3349,4.0,368.2199
2026-07-03,IBE.MC,candidate,2026-07-03,259,rejected,11,12,91.67,"[""distance_sma50_ok""]",No cumple los filtros mínimos de tendencia/liquidez/precio.,True,False,True,False,True,True,True,True,True,True,False,True,True,True,True,True,True,True,True,21.84,21.046,20.1679,18.7738,0.3571,12006935.0,0.0829,21.8719,21.6143,0.2576,22.387,194.0,22.0906
2026-07-03,ITX.MC,candidate,2026-07-03,259,almost_valid,11,12,91.67,"[""bullish_turn_ok""]","Tiene tendencia y parte del setup, pero le falta alguna condición final.",True,True,False,False,True,True,True,True,True,True,True,True,False,False,True,True,True,True,True,56.46,55.4062,53.1232,51.5865,0.97,1682531.0,0.0628,56.9169,56.043,0.8739,58.6646,57.0,57.486
2026-07-03,IWM,candidate,2026-07-02,254,almost_valid,11,12,91.67,"[""bullish_turn_ok""]","Tiene tendencia y parte del setup, pero le falta alguna condición final.",True,True,False,False,True,True,True,True,True,True,True,True,False,False,True,True,True,True,True,297.58,294.158,286.0843,259.6307,5.1987,29998735.0,0.0402,302.5322,294.4601,8.0721,318.6764,6.0,305.5576
2026-07-03,META,candidate,2026-07-02,254,rejected,8,12,66.67,"[""close_above_sma200"", ""sma50_above_sma200"", ""pullback_ok"", ""bullish_turn_ok""]",No cumple los filtros mínimos de tendencia/liquidez/precio.,True,False,False,False,True,True,True,True,False,False,True,False,False,False,False,False,True,True,True,582.9,579.5239,604.8063,645.4065,23.0844,19702150.0,-0.0362,610.61,578.1115,32.4985,675.6069,1.0,616.7161
2026-07-03,MSFT,candidate,2026-07-02,254,rejected,9,12,75.0,"[""close_above_sma200"", ""sma50_above_sma200"", ""pullback_ok""]",No cumple los filtros mínimos de tendencia/liquidez/precio.,True,False,False,False,True,True,True,True,False,False,True,False,True,True,False,False,False,True,True,390.49,386.5526,407.2164,443.7846,13.1671,48915315.0,-0.0411,392.5922,382.3833,10.2089,413.01,4.0,396.5181
2026-07-03,NVDA,candidate,2026-07-02,254,trend_only,10,12,83.33,"[""pullback_ok"", ""bullish_turn_ok""]","Cumple tendencia, pero todavía no hay retroceso/vela señal válida.",True,True,False,False,True,True,True,True,True,True,True,False,False,False,False,False,True,True,True,194.83,202.7178,209.6465,190.8196,6.3407,157270100.0,-0.0707,200.2601,191.7159,8.5441,217.3483,5.0,202.2627
2026-07-03,QQQ,candidate,2026-07-02,254,almost_valid,11,12,91.67,"[""bullish_turn_ok""]","Tiene tendencia y parte del setup, pero le falta alguna condición final.",True,True,False,False,True,True,True,True,True,True,True,True,False,False,True,True,True,True,True,712.6,720.4856,708.5135,633.4921,17.1748,54341740.0,0.0058,731.5608,705.8425,25.7183,782.9975,1.0,738.8765
2026-07-03,REP.MC,candidate,2026-07-03,259,trend_only,10,12,83.33,"[""pullback_ok"", ""bullish_turn_ok""]","Cumple tendencia, pero todavía no hay retroceso/vela señal válida.",True,True,False,False,True,True,True,True,True,True,True,False,False,False,False,False,False,True,True,22.19,22.0056,22.2414,18.5673,0.5164,3740528.0,-0.0023,22.5325,22.1284,0.4042,23.3408,123.0,22.7578
2026-07-03,SAN.MC,candidate,2026-07-03,259,rejected,10,12,83.33,"[""distance_sma50_ok"", ""pullback_ok""]",No cumple los filtros mínimos de tendencia/liquidez/precio.,True,False,False,False,True,True,True,True,True,True,False,False,True,True,True,True,False,True,True,12.436,11.7044,10.9094,9.8981,0.2149,26566905.0,0.1399,12.4685,12.2925,0.1759,12.8203,284.0,12.5931
2026-07-03,SPY,market_index,,254,market_ok,0,0,0.0,,Filtro de mercado general usado para permitir/bloquear nuevas entradas.,True,False,False,False,False,False,False,False,False,False,False,False,False,False,False,False,False,False,False,,,,,,,,,,,,,
2026-07-03,TSLA,candidate,2026-07-02,254,rejected,8,12,66.67,"[""close_above_sma200"", ""sma50_above_sma200"", ""pullback_ok"", ""bullish_turn_ok""]",No cumple los filtros mínimos de tendencia/liquidez/precio.,True,False,False,False,True,True,True,True,False,False,True,False,False,False,False,False,False,True,True,393.45,402.42,406.42,418.6078,19.0479,49455645.0,-0.0319,432.7824,387.3952,45.3872,523.5567,1.0,437.1102
2026-07-04,AAPL,candidate,2026-07-02,254,almost_valid,11,12,91.67,"[""pullback_ok""]","Tiene tendencia y parte del setup, pero le falta alguna condición final.",True,True,False,False,True,True,True,True,True,True,True,False,True,True,False,False,False,True,True,308.63,294.4129,293.4566,270.3212,8.9414,69125680.0,0.0517,309.7294,292.7858,16.9436,343.6166,2.0,312.8267
2026-07-04,AMZN,candidate,2026-07-02,254,trend_only,10,12,83.33,"[""pullback_ok"", ""bullish_turn_ok""]","Cumple tendencia, pero todavía no hay retroceso/vela señal válida.",True,True,False,False,True,True,True,True,True,True,True,False,False,False,False,False,False,True,True,242.67,242.142,255.4168,232.9826,8.7721,63457215.0,-0.0499,246.9667,240.2028,6.7639,260.4946,7.0,249.4364
2026-07-04,BBVA.MC,candidate,2026-07-03,259,rejected,10,12,83.33,"[""distance_sma50_ok"", ""pullback_ok""]",No cumple los filtros mínimos de tendencia/liquidez/precio.,True,False,False,False,True,True,True,True,True,True,False,False,True,True,True,True,False,True,True,22.74,21.2988,19.9234,18.6068,0.4314,11887708.0,0.1414,22.7627,22.4169,0.3459,23.4545,144.0,22.9904
2026-07-04,CABK.MC,candidate,2026-07-03,259,rejected,10,12,83.33,"[""distance_sma50_ok"", ""bullish_turn_ok""]",No cumple los filtros mínimos de tendencia/liquidez/precio.,True,False,False,False,True,True,True,True,True,True,False,True,False,False,True,True,True,True,True,12.65,12.2373,11.5386,10.117,0.2107,6202381.0,0.0963,12.7377,12.5839,0.1538,13.0453,325.0,12.8651
2026-07-04,FER.MC,candidate,2026-07-03,259,valid_signal,12,12,100.0,[],Cumple todos los filtros y genera señal operable.,True,True,True,True,True,True,True,True,True,True,True,True,True,True,True,True,True,True,True,60.2,59.7397,58.6557,56.3944,1.1443,1233778.0,0.0263,60.4604,59.4656,0.9948,62.4501,50.0,61.065
2026-07-04,GOOGL,candidate,2026-07-02,254,almost_valid,11,12,91.67,"[""pullback_ok""]","Tiene tendencia y parte del setup, pero le falta alguna condición final.",True,True,False,False,True,True,True,True,True,True,True,False,True,True,False,False,True,True,True,359.91,359.0318,370.8261,315.8091,12.2614,38321290.0,-0.0294,364.5742,352.1939,12.3803,389.3349,4.0,368.2199
2026-07-04,IBE.MC,candidate,2026-07-03,259,almost_valid,11,12,91.67,"[""bullish_turn_ok""]","Tiene tendencia y parte del setup, pero le falta alguna condición final.",True,True,False,False,True,True,True,True,True,True,True,True,False,False,True,True,True,True,True,21.76,21.0384,20.1663,18.7734,0.3607,13076529.0,0.079,21.9219,21.6139,0.308,22.5378,162.0,22.1411
2026-07-04,ITX.MC,candidate,2026-07-03,259,valid_signal,12,12,100.0,[],Cumple todos los filtros y genera señal operable.,True,True,True,True,True,True,True,True,True,True,True,True,True,True,True,True,True,True,True,57.2,55.4766,53.138,51.5902,0.9986,1718050.0,0.0764,57.3173,56.0401,1.2771,59.8715,39.0,57.8904
2026-07-04,IWM,candidate,2026-07-02,254,almost_valid,11,12,91.67,"[""bullish_turn_ok""]","Tiene tendencia y parte del setup, pero le falta alguna condición final.",True,True,False,False,True,True,True,True,True,True,True,True,False,False,True,True,True,True,True,297.58,294.158,286.0843,259.6307,5.1987,30001610.0,0.0402,302.5322,294.4601,8.0721,318.6764,6.0,305.5576
2026-07-04,META,candidate,2026-07-02,254,rejected,8,12,66.67,"[""close_above_sma200"", ""sma50_above_sma200"", ""pullback_ok"", ""bullish_turn_ok""]",No cumple los filtros mínimos de tendencia/liquidez/precio.,True,False,False,False,True,True,True,True,False,False,True,False,False,False,False,False,True,True,True,582.9,579.5239,604.8063,645.4065,23.0844,19704380.0,-0.0362,610.61,578.1115,32.4985,675.6069,1.0,616.7161
2026-07-04,MSFT,candidate,2026-07-02,254,rejected,9,12,75.0,"[""close_above_sma200"", ""sma50_above_sma200"", ""pullback_ok""]",No cumple los filtros mínimos de tendencia/liquidez/precio.,True,False,False,False,True,True,True,True,False,False,True,False,True,True,False,False,False,True,True,390.49,386.5526,407.2164,443.7846,13.1671,48918590.0,-0.0411,392.5922,382.3833,10.2089,413.01,4.0,396.5181
2026-07-04,NVDA,candidate,2026-07-02,254,trend_only,10,12,83.33,"[""pullback_ok"", ""bullish_turn_ok""]","Cumple tendencia, pero todavía no hay retroceso/vela señal válida.",True,True,False,False,True,True,True,True,True,True,True,False,False,False,False,False,True,True,True,194.83,202.7178,209.6465,190.8196,6.3407,157285940.0,-0.0707,200.2601,191.7159,8.5441,217.3483,5.0,202.2627
2026-07-04,QQQ,candidate,2026-07-02,254,almost_valid,11,12,91.67,"[""bullish_turn_ok""]","Tiene tendencia y parte del setup, pero le falta alguna condición final.",True,True,False,False,True,True,True,True,True,True,True,True,False,False,True,True,True,True,True,712.6,720.4856,708.5135,633.4921,17.1748,54348055.0,0.0058,731.5608,705.8425,25.7183,782.9975,1.0,738.8765
2026-07-04,REP.MC,candidate,2026-07-03,259,trend_only,10,12,83.33,"[""pullback_ok"", ""bullish_turn_ok""]","Cumple tendencia, pero todavía no hay retroceso/vela señal válida.",True,True,False,False,True,True,True,True,True,True,True,False,False,False,False,False,False,True,True,22.33,22.019,22.2442,18.568,0.5293,3999281.0,0.0039,22.6226,22.0371,0.5855,23.7937,85.0,22.8488
2026-07-04,SAN.MC,candidate,2026-07-03,259,rejected,10,12,83.33,"[""distance_sma50_ok"", ""pullback_ok""]",No cumple los filtros mínimos de tendencia/liquidez/precio.,True,False,False,False,True,True,True,True,True,True,False,False,True,True,True,True,False,True,True,12.418,11.7027,10.909,9.898,0.2149,27233206.0,0.1383,12.4685,12.2925,0.1759,12.8203,284.0,12.5931
2026-07-04,SPY,market_index,,254,market_ok,0,0,0.0,,Filtro de mercado general usado para permitir/bloquear nuevas entradas.,True,False,False,False,False,False,False,False,False,False,False,False,False,False,False,False,False,False,False,,,,,,,,,,,,,
2026-07-04,TSLA,candidate,2026-07-02,254,rejected,8,12,66.67,"[""close_above_sma200"", ""sma50_above_sma200"", ""pullback_ok"", ""bullish_turn_ok""]",No cumple los filtros mínimos de tendencia/liquidez/precio.,True,False,False,False,True,True,True,True,False,False,True,False,False,False,False,False,False,True,True,393.45,402.42,406.42,418.6078,19.0479,49465550.0,-0.0319,432.7824,387.3952,45.3872,523.5567,1.0,437.1102
2026-07-07,AAPL,candidate,2026-07-06,252,almost_valid,11,12,91.67,"[""pullback_ok""]","Tiene tendencia y parte del setup, pero le falta alguna condición final.",True,True,False,False,True,True,True,True,True,True,True,False,True,True,False,False,False,True,True,312.66,296.1507,294.2514,270.6971,8.9186,69557140.0,0.0626,314.5142,306.1081,8.4061,331.3264,5.0,317.6594
2026-07-07,AMZN,candidate,2026-07-06,252,almost_valid,11,12,91.67,"[""pullback_ok""]","Tiene tendencia y parte del setup, pero le falta alguna condición final.",True,True,False,False,True,True,True,True,True,True,True,False,True,True,False,False,True,True,True,244.16,242.3342,255.1928,233.0331,8.4429,63672520.0,-0.0432,246.286,240.0357,6.2503,258.7867,7.0,248.7489
2026-07-07,BBVA.MC,candidate,2026-07-07,258,rejected,10,12,83.33,"[""distance_sma50_ok"", ""pullback_ok""]",No cumple los filtros mínimos de tendencia/liquidez/precio.,True,False,False,False,True,True,True,True,True,True,False,False,True,True,True,True,False,True,True,22.98,21.5865,20.0927,18.6817,0.3971,11324949.0,0.1437,23.043,22.7503,0.2927,23.6285,170.0,23.2735
2026-07-07,CABK.MC,candidate,2026-07-07,258,rejected,10,12,83.33,"[""distance_sma50_ok"", ""pullback_ok""]",No cumple los filtros mínimos de tendencia/liquidez/precio.,True,False,False,False,True,True,True,True,True,True,False,False,True,True,True,True,False,True,True,12.8,12.3338,11.6347,10.1622,0.1836,5961526.0,0.1002,12.8328,12.7166,0.1162,13.0652,430.0,12.9611
2026-07-07,FER.MC,candidate,2026-07-07,258,trend_only,10,12,83.33,"[""pullback_ok"", ""bullish_turn_ok""]","Cumple tendencia, pero todavía no hay retroceso/vela señal válida.",True,True,False,False,True,True,True,True,True,True,True,False,False,False,True,False,True,True,True,58.58,59.5965,58.7101,56.5045,1.1557,1260162.0,-0.0022,59.6196,58.3244,1.2951,62.2098,38.0,60.2158
2026-07-07,GOOGL,candidate,2026-07-06,252,almost_valid,11,12,91.67,"[""pullback_ok""]","Tiene tendencia y parte del setup, pero le falta alguna condición final.",True,True,False,False,True,True,True,True,True,True,True,False,True,True,False,False,False,True,True,366.46,359.7392,371.373,316.3881,12.1843,37448890.0,-0.0132,368.2979,356.1616,12.1363,392.5706,4.0,371.9809
2026-07-07,IBE.MC,candidate,2026-07-07,258,almost_valid,11,12,91.67,"[""bullish_turn_ok""]","Tiene tendencia y parte del setup, pero le falta alguna condición final.",True,True,False,False,True,True,True,True,True,True,True,True,False,False,True,True,True,True,True,20.88,20.676,19.8243,18.4633,0.3701,12674520.0,0.0533,21.031,20.793,0.238,21.507,210.0,21.2413
2026-07-07,ITX.MC,candidate,2026-07-07,258,almost_valid,11,12,91.67,"[""pullback_ok""]","Tiene tendencia y parte del setup, pero le falta alguna condición final.",True,True,False,False,True,True,True,True,True,True,True,False,True,True,True,True,False,True,True,56.74,55.6403,53.3341,51.7146,1.0814,1619270.0,0.0639,56.9369,55.9719,0.965,58.8669,51.0,57.5062
2026-07-07,IWM,candidate,2026-07-06,252,almost_valid,11,12,91.67,"[""bullish_turn_ok""]","Tiene tendencia y parte del setup, pero le falta alguna condición final.",True,True,False,False,True,True,True,True,True,True,True,True,False,False,True,True,True,True,True,298.9,294.6096,286.5459,259.9427,5.0154,29710595.0,0.0431,300.7104,297.1185,3.592,307.8943,13.0,303.7175
2026-07-07,META,candidate,2026-07-06,252,rejected,9,12,75.0,"[""close_above_sma200"", ""sma50_above_sma200"", ""pullback_ok""]",No cumple los filtros mínimos de tendencia/liquidez/precio.,True,False,False,False,True,True,True,True,False,False,True,False,True,True,False,False,True,True,True,600.29,581.5016,603.3302,644.5257,23.5604,19510270.0,-0.005,604.1836,579.404,24.7796,653.7428,2.0,610.2254
2026-07-07,MSFT,candidate,2026-07-06,252,rejected,8,12,66.67,"[""close_above_sma200"", ""sma50_above_sma200"", ""pullback_ok"", ""bullish_turn_ok""]",No cumple los filtros mínimos de tendencia/liquidez/precio.,True,False,False,False,True,True,True,True,False,False,True,False,False,True,False,False,True,True,True,386.74,386.5705,406.3115,443.1892,13.1529,49277215.0,-0.0482,389.5391,379.9047,9.6344,408.808,5.0,393.4345
2026-07-07,NVDA,candidate,2026-07-06,252,trend_only,10,12,83.33,"[""pullback_ok"", ""bullish_turn_ok""]","Cumple tendencia, pero todavía no hay retroceso/vela señal válida.",True,True,False,False,True,True,True,True,True,True,True,False,False,False,False,False,True,True,True,195.55,202.0658,209.657,191.1217,6.3357,154251780.0,-0.0673,197.7476,193.3564,4.3911,206.5298,11.0,199.725
2026-07-07,QQQ,candidate,2026-07-06,252,valid_signal,12,12,100.0,[],Cumple todos los filtros y genera señal operable.,True,True,True,True,True,True,True,True,True,True,True,True,True,True,True,True,True,True,True,722.82,720.7079,709.8821,634.1645,17.2294,53802015.0,0.0182,726.8061,716.7271,10.079,746.9641,4.0,734.0742
2026-07-07,REP.MC,candidate,2026-07-07,258,trend_only,10,12,83.33,"[""pullback_ok"", ""bullish_turn_ok""]","Cumple tendencia, pero todavía no hay retroceso/vela señal válida.",True,True,False,False,True,True,True,True,True,True,True,False,False,False,False,False,True,True,True,21.97,21.5636,21.7523,18.1928,0.5108,4088200.0,0.01,22.3123,21.8589,0.4534,23.219,110.0,22.5354
2026-07-07,SAN.MC,candidate,2026-07-07,258,rejected,9,12,75.0,"[""distance_sma50_ok"", ""pullback_ok"", ""bullish_turn_ok""]",No cumple los filtros mínimos de tendencia/liquidez/precio.,True,False,False,False,True,True,True,True,True,True,False,False,False,False,True,True,False,True,True,12.524,11.8503,11.0051,9.9393,0.1923,25735987.0,0.138,12.6066,12.4768,0.1298,12.8662,385.0,12.7327
2026-07-07,SPY,market_index,,252,market_ok,0,0,0.0,,Filtro de mercado general usado para permitir/bloquear nuevas entradas.,True,False,False,False,False,False,False,False,False,False,False,False,False,False,False,False,False,False,False,,,,,,,,,,,,,
2026-07-07,TSLA,candidate,2026-07-06,252,rejected,10,12,83.33,"[""sma50_above_sma200"", ""pullback_ok""]",No cumple los filtros mínimos de tendencia/liquidez/precio.,True,False,False,False,True,True,True,True,True,False,True,False,True,True,False,False,True,True,True,419.77,404.0723,407.0652,418.5985,19.7321,50415505.0,0.0312,420.42,388.5268,31.8932,484.2064,1.0,424.6242
2026-07-08,AAPL,candidate,2026-07-07,252,trend_only,10,12,83.33,"[""pullback_ok"", ""bullish_turn_ok""]","Cumple tendencia, pero todavía no hay retroceso/vela señal válida.",True,True,False,False,True,True,True,True,True,True,True,False,False,False,False,False,False,True,True,310.66,297.5326,295.0011,271.0589,8.8243,68415135.0,0.0531,315.7955,309.2676,6.5279,328.8513,7.0,318.9534
2026-07-08,AMZN,candidate,2026-07-07,252,almost_valid,11,12,91.67,"[""pullback_ok""]","Tiene tendencia y parte del setup, pero le falta alguna condición final.",True,True,False,False,True,True,True,True,True,True,True,False,True,True,False,False,True,True,True,245.98,242.6814,255.0108,233.1049,8.2264,62921155.0,-0.0354,249.1789,241.8774,7.3016,263.7821,6.0,251.6707
2026-07-08,BBVA.MC,candidate,2026-07-06,256,rejected,9,12,75.0,"[""distance_sma50_ok"", ""pullback_ok"", ""bullish_turn_ok""]",No cumple los filtros mínimos de tendencia/liquidez/precio.,True,False,False,False,True,True,True,True,True,True,False,False,False,False,True,True,False,True,True,22.78,21.4398,20.0074,18.6427,0.42,11591330.0,0.1386,22.993,22.588,0.405,23.8029,123.0,23.2229
2026-07-08,CABK.MC,candidate,2026-07-06,256,rejected,10,12,83.33,"[""distance_sma50_ok"", ""pullback_ok""]",No cumple los filtros mínimos de tendencia/liquidez/precio.,True,False,False,False,True,True,True,True,True,True,False,False,True,True,True,True,False,True,True,12.735,12.2847,11.5859,10.1391,0.2007,6144810.0,0.0992,12.7627,12.6249,0.1378,13.0384,362.0,12.8904
2026-07-08,FER.MC,candidate,2026-07-06,256,almost_valid,11,12,91.67,"[""bullish_turn_ok""]","Tiene tendencia y parte del setup, pero le falta alguna condición final.",True,True,False,False,True,True,True,True,True,True,True,True,False,False,True,True,True,True,True,59.36,59.7035,58.681,56.4515,1.1414,1287040.0,0.0116,60.2402,59.0059,1.2343,62.7088,40.0,60.8426
2026-07-08,GOOGL,candidate,2026-07-07,252,trend_only,10,12,83.33,"[""pullback_ok"", ""bullish_turn_ok""]","Cumple tendencia, pero todavía no hay retroceso/vela señal válida.",True,True,False,False,True,True,True,True,True,True,True,False,False,False,False,False,False,True,True,367.03,360.4336,371.9398,316.978,11.7807,36789920.0,-0.0132,373.5332,364.3219,9.2112,391.9556,5.0,377.2685
2026-07-08,IBE.MC,candidate,2026-07-06,256,almost_valid,11,12,91.67,"[""bullish_turn_ok""]","Tiene tendencia y parte del setup, pero le falta alguna condición final.",True,True,False,False,True,True,True,True,True,True,True,True,False,False,True,True,True,True,True,20.93,20.6545,19.7986,18.4343,0.3796,13011867.0,0.0571,21.4915,20.882,0.6094,22.7103,82.0,21.7064
2026-07-08,ITX.MC,candidate,2026-07-06,256,almost_valid,11,12,91.67,"[""bullish_turn_ok""]","Tiene tendencia y parte del setup, pero le falta alguna condición final.",True,True,False,False,True,True,True,True,True,True,True,True,False,False,True,True,True,True,True,55.98,55.5246,53.2241,51.6483,1.07,1703887.0,0.0518,57.7777,55.873,1.9047,61.5872,26.0,58.3555
2026-07-08,IWM,candidate,2026-07-07,252,almost_valid,11,12,91.67,"[""bullish_turn_ok""]","Tiene tendencia y parte del setup, pero le falta alguna condición final.",True,True,False,False,True,True,True,True,True,True,True,True,False,False,True,True,True,True,True,296.19,294.7602,286.9723,260.2381,4.9536,28823710.0,0.0321,300.27,294.6846,5.5853,311.4406,8.0,303.2727
2026-07-08,META,candidate,2026-07-07,252,rejected,9,12,75.0,"[""close_above_sma200"", ""sma50_above_sma200"", ""pullback_ok""]",No cumple los filtros mínimos de tendencia/liquidez/precio.,True,False,False,False,True,True,True,True,False,False,True,False,True,True,False,False,True,True,True,615.58,584.7472,602.471,643.7376,22.865,18934015.0,0.0218,625.9954,601.3735,24.6219,675.2391,2.0,632.2553
2026-07-08,MSFT,candidate,2026-07-07,252,rejected,8,12,66.67,"[""close_above_sma200"", ""sma50_above_sma200"", ""pullback_ok"", ""bullish_turn_ok""]",No cumple los filtros mínimos de tendencia/liquidez/precio.,True,False,False,False,True,True,True,True,False,False,True,False,False,False,False,False,True,True,True,388.84,386.7866,405.7913,442.5993,12.9971,49002910.0,-0.0418,395.9656,386.9203,9.0453,414.0562,5.0,399.9252
2026-07-08,NVDA,candidate,2026-07-07,252,almost_valid,11,12,91.67,"[""pullback_ok""]","Tiene tendencia y parte del setup, pero le falta alguna condición final.",True,True,False,False,True,True,True,True,True,True,True,False,True,True,False,False,True,True,True,196.93,201.5767,209.6028,191.255,6.3179,149476690.0,-0.0605,198.6084,190.5082,8.1002,214.8088,6.0,200.5945
2026-07-08,QQQ,candidate,2026-07-07,252,trend_only,10,12,83.33,"[""pullback_ok"", ""bullish_turn_ok""]","Cumple tendencia, pero todavía no hay retroceso/vela señal válida.",True,True,False,False,True,True,True,True,True,True,True,False,False,False,True,False,True,True,True,709.43,719.6338,711.0566,634.7758,16.8383,50940800.0,-0.0023,717.0663,703.2162,13.8501,744.7666,3.0,724.237
2026-07-08,REP.MC,candidate,2026-07-06,256,almost_valid,11,12,91.67,"[""pullback_ok""]","Tiene tendencia y parte del setup, pero le falta alguna condición final.",True,True,False,False,True,True,True,True,True,True,True,False,True,True,False,False,True,True,True,21.95,21.5208,21.7268,18.1513,0.5185,4141503.0,0.0103,22.052,21.4882,0.5639,23.1798,88.0,22.2726
2026-07-08,SAN.MC,candidate,2026-07-06,256,rejected,10,12,83.33,"[""distance_sma50_ok"", ""pullback_ok""]",No cumple los filtros mínimos de tendencia/liquidez/precio.,True,False,False,False,True,True,True,True,True,True,False,False,True,True,True,True,False,True,True,12.508,11.7794,10.9577,9.9184,0.2096,26577516.0,0.1415,12.5345,12.367,0.1675,12.8695,298.0,12.6599
2026-07-08,SPY,market_index,,252,market_ok,0,0,0.0,,Filtro de mercado general usado para permitir/bloquear nuevas entradas.,True,False,False,False,False,False,False,False,False,False,False,False,False,False,False,False,False,False,False,,,,,,,,,,,,,
2026-07-08,TSLA,candidate,2026-07-07,252,rejected,8,12,66.67,"[""close_above_sma200"", ""sma50_above_sma200"", ""pullback_ok"", ""bullish_turn_ok""]",No cumple los filtros mínimos de tendencia/liquidez/precio.,True,False,False,False,True,True,True,True,False,False,True,False,False,False,False,False,True,True,True,402.9,403.9607,407.6488,418.4837,20.3264,49157025.0,-0.0116,419.9796,399.8474,20.1322,460.2439,2.0,424.1794
2026-07-09,AAPL,candidate,2026-07-08,253,almost_valid,11,12,91.67,"[""pullback_ok""]","Tiene tendencia y parte del setup, pero le falta alguna condición final.",True,True,False,False,True,True,True,True,True,True,True,False,True,True,False,False,False,True,True,313.39,299.0428,295.8527,271.4398,8.9143,66585825.0,0.0593,315.1348,306.1586,8.9763,333.0874,5.0,318.2862
2026-07-09,AMZN,candidate,2026-07-08,253,trend_only,10,12,83.33,"[""pullback_ok"", ""bullish_turn_ok""]","Cumple tendencia, pero todavía no hay retroceso/vela señal válida.",True,True,False,False,True,True,True,True,True,True,True,False,False,True,False,False,True,True,True,243.62,242.7708,254.6034,233.1669,8.3264,62711305.0,-0.0431,245.0448,239.6874,5.3574,255.7597,9.0,247.4953
2026-07-09,BBVA.MC,candidate,2026-07-09,258,rejected,11,12,91.67,"[""distance_sma50_ok""]",No cumple los filtros mínimos de tendencia/liquidez/precio.,True,False,True,False,True,True,True,True,True,True,False,True,True,True,True,True,True,True,True,22.25,21.6687,20.2284,18.7471,0.435,11166250.0,0.0999,22.3223,22.0665,0.2558,22.8339,195.0,22.5455
2026-07-09,CABK.MC,candidate,2026-07-09,258,valid_signal,12,12,100.0,[],Cumple todos los filtros y genera señal operable.,True,True,True,True,True,True,True,True,True,True,True,True,True,True,True,True,True,True,True,12.52,12.338,11.703,10.203,0.2161,5957171.0,0.0698,12.5626,12.3984,0.1642,12.8909,304.0,12.6882
2026-07-09,FER.MC,candidate,2026-07-09,258,rejected,9,12,75.0,"[""close_above_sma200"", ""pullback_ok"", ""bullish_turn_ok""]",No cumple los filtros mínimos de tendencia/liquidez/precio.,True,False,False,False,True,True,True,True,False,True,True,False,False,False,False,False,True,True,True,56.54,58.9675,58.6817,56.5903,1.26,1281254.0,-0.0365,56.9569,56.334,0.6229,58.2027,80.0,57.5265
2026-07-09,GOOGL,candidate,2026-07-08,253,trend_only,10,12,83.33,"[""pullback_ok"", ""bullish_turn_ok""]","Cumple tendencia, pero todavía no hay retroceso/vela señal válida.",True,True,False,False,True,True,True,True,True,True,True,False,False,False,False,False,True,True,True,361.92,360.5751,372.2943,317.5299,11.8436,36497920.0,-0.0279,368.2078,356.8356,11.3722,390.9522,4.0,371.8899
2026-07-09,IBE.MC,candidate,2026-07-09,258,almost_valid,11,12,91.67,"[""bullish_turn_ok""]","Tiene tendencia y parte del setup, pero le falta alguna condición final.",True,True,False,False,True,True,True,True,True,True,True,True,False,False,True,True,True,True,True,20.96,20.7436,19.8812,18.5226,0.375,13612259.0,0.0543,21.1211,20.8825,0.2386,21.5983,209.0,21.3323
2026-07-09,ITX.MC,candidate,2026-07-09,258,valid_signal,12,12,100.0,[],Cumple todos los filtros y genera señal operable.,True,True,True,True,True,True,True,True,True,True,True,True,True,True,True,True,True,True,True,55.1,55.4379,53.4808,51.8281,1.2286,1671159.0,0.0303,55.3553,54.5371,0.8182,56.9916,61.0,55.9089
2026-07-09,IWM,candidate,2026-07-08,253,almost_valid,11,12,91.67,"[""bullish_turn_ok""]","Tiene tendencia y parte del setup, pero le falta alguna condición final.",True,True,False,False,True,True,True,True,True,True,True,True,False,True,True,True,True,True,True,293.48,294.6382,287.3221,260.4905,4.9743,28656150.0,0.0214,295.3951,290.1826,5.2125,305.8202,9.0,298.3491
2026-07-09,META,candidate,2026-07-08,253,rejected,8,12,66.67,"[""close_above_sma200"", ""sma50_above_sma200"", ""pullback_ok"", ""bullish_turn_ok""]",No cumple los filtros mínimos de tendencia/liquidez/precio.,True,False,False,False,True,True,True,True,False,False,True,False,False,False,False,False,True,True,True,603.12,586.497,601.0453,642.8647,23.1636,18639580.0,0.0035,616.616,595.6937,20.9223,658.4607,2.0,622.7822
2026-07-09,MSFT,candidate,2026-07-08,253,rejected,8,12,66.67,"[""close_above_sma200"", ""sma50_above_sma200"", ""pullback_ok"", ""bullish_turn_ok""]",No cumple los filtros mínimos de tendencia/liquidez/precio.,True,False,False,False,True,True,True,True,False,False,True,False,False,True,False,False,True,True,True,383.34,386.4584,404.984,441.9898,12.8857,48696715.0,-0.0534,385.6953,380.0414,5.6539,397.0031,8.0,389.5523
2026-07-09,NVDA,candidate,2026-07-08,253,almost_valid,11,12,91.67,"[""pullback_ok""]","Tiene tendencia y parte del setup, pero le falta alguna condición final.",True,True,False,False,True,True,True,True,True,True,True,False,True,True,False,False,True,True,True,204.12,201.8189,209.5198,191.3945,6.6707,149920480.0,-0.0258,205.3652,194.3929,10.9722,227.3096,4.0,207.4188
2026-07-09,QQQ,candidate,2026-07-08,253,almost_valid,11,12,91.67,"[""pullback_ok""]","Tiene tendencia y parte del setup, pero le falta alguna condición final.",True,True,False,False,True,True,True,True,True,True,True,False,True,True,True,False,True,True,True,711.44,718.8535,712.0223,635.3707,16.6088,50358070.0,-0.0008,712.9723,699.2491,13.7232,740.4186,3.0,720.102
2026-07-09,REP.MC,candidate,2026-07-09,258,almost_valid,11,12,91.67,"[""pullback_ok""]","Tiene tendencia y parte del setup, pero le falta alguna condición final.",True,True,False,False,True,True,True,True,True,True,True,False,True,True,False,True,True,True,True,23.1,21.8522,21.8272,18.2819,0.5749,4401891.0,0.0583,23.2532,22.5325,0.7207,24.6947,69.0,23.4858
2026-07-09,SAN.MC,candidate,2026-07-09,258,rejected,11,12,91.67,"[""distance_sma50_ok""]",No cumple los filtros mínimos de tendencia/liquidez/precio.,True,False,True,False,True,True,True,True,True,True,False,True,True,True,True,True,True,True,True,12.078,11.8687,11.071,9.9737,0.2373,25976834.0,0.091,12.1081,11.9763,0.1318,12.3717,379.0,12.2292
2026-07-09,SPY,market_index,,253,market_ok,0,0,0.0,,Filtro de mercado general usado para permitir/bloquear nuevas entradas.,True,False,False,False,False,False,False,False,False,False,False,False,False,False,False,False,False,False,False,,,,,,,,,,,,,
2026-07-09,TSLA,candidate,2026-07-08,253,rejected,8,12,66.67,"[""close_above_sma200"", ""sma50_above_sma200"", ""pullback_ok"", ""bullish_turn_ok""]",No cumple los filtros mínimos de tendencia/liquidez/precio.,True,False,False,False,True,True,True,True,False,False,True,False,False,False,False,False,True,True,True,394.06,403.0178,408.004,418.3698,20.3629,48333695.0,-0.0342,400.0296,388.4737,11.5559,423.1415,4.0,404.0299
2026-07-10,AAPL,candidate,2026-07-09,254,almost_valid,11,12,91.67,"[""pullback_ok""]","Tiene tendencia y parte del setup, pero le falta alguna condición final.",True,True,False,False,True,True,True,True,True,True,True,False,True,True,False,True,False,True,True,316.22,300.6787,296.8298,271.7968,8.9614,65485805.0,0.0653,316.8465,307.2639,9.5827,336.0119,5.0,320.015
2026-07-10,AMZN,candidate,2026-07-09,254,almost_valid,11,12,91.67,"[""pullback_ok""]","Tiene tendencia y parte del setup, pero le falta alguna condición final.",True,True,False,False,True,True,True,True,True,True,True,False,True,True,False,False,True,True,True,247.04,243.1774,254.3218,233.2447,8.2729,62392840.0,-0.0286,247.7475,237.4227,10.3248,268.3971,4.0,250.225
2026-07-10,BBVA.MC,candidate,2026-07-10,259,rejected,11,12,91.67,"[""distance_sma50_ok""]",No cumple los filtros mínimos de tendencia/liquidez/precio.,True,False,True,False,True,True,True,True,True,True,False,True,True,True,True,True,True,True,True,22.52,21.7403,20.3004,18.7826,0.4236,11044373.0,0.1093,22.5425,22.1176,0.4249,23.3923,117.0,22.7679
2026-07-10,CABK.MC,candidate,2026-07-10,259,valid_signal,12,12,100.0,[],Cumple todos los filtros y genera señal operable.,True,True,True,True,True,True,True,True,True,True,True,True,True,True,True,True,True,True,True,12.62,12.3674,11.7392,10.2245,0.215,5848030.0,0.075,12.6476,12.5085,0.1391,12.9259,359.0,12.7741
2026-07-10,FER.MC,candidate,2026-07-10,259,rejected,9,12,75.0,"[""close_above_sma200"", ""pullback_ok"", ""bullish_turn_ok""]",No cumple los filtros mínimos de tendencia/liquidez/precio.,True,False,False,False,True,True,True,True,False,True,True,False,False,False,False,False,True,True,True,56.3,58.722,58.6521,56.637,1.1843,1280112.0,-0.0401,56.8168,55.8816,0.9352,58.6871,53.0,57.3849
2026-07-10,GOOGL,candidate,2026-07-09,254,trend_only,10,12,83.33,"[""pullback_ok"", ""bullish_turn_ok""]","Cumple tendencia, pero todavía no hay retroceso/vela señal válida.",True,True,False,False,True,True,True,True,True,True,True,False,False,True,False,False,True,True,True,358.89,360.4146,372.4695,318.0532,11.8157,36257120.0,-0.0365,360.0096,349.8984,10.1112,380.2321,4.0,363.6097
2026-07-10,IBE.MC,candidate,2026-07-10,259,almost_valid,11,12,91.67,"[""bullish_turn_ok""]","Tiene tendencia y parte del setup, pero le falta alguna condición final.",True,True,False,False,True,True,True,True,True,True,True,True,False,False,True,True,True,True,True,20.92,20.769,19.9105,18.5514,0.3577,13486443.0,0.0507,21.0811,20.8742,0.2068,21.4947,241.0,21.2919
2026-07-10,ITX.MC,candidate,2026-07-10,259,almost_valid,11,12,91.67,"[""bullish_turn_ok""]","Tiene tendencia y parte del setup, pero le falta alguna condición final.",True,True,False,False,True,True,True,True,True,True,True,True,False,False,True,True,True,True,True,55.32,55.4526,53.5816,51.8913,1.2443,1609309.0,0.0324,55.8558,55.1756,0.6802,57.2163,73.0,56.4144
2026-07-10,IWM,candidate,2026-07-09,254,valid_signal,12,12,100.0,[],Cumple todos los filtros y genera señal operable.,True,True,True,True,True,True,True,True,True,True,True,True,True,True,True,True,True,True,True,297.24,294.886,287.7372,260.7709,4.7964,27399445.0,0.033,298.1779,294.4204,3.7575,305.693,13.0,301.1597
2026-07-10,META,candidate,2026-07-09,254,rejected,8,12,66.67,"[""close_above_sma200"", ""sma50_above_sma200"", ""pullback_ok"", ""qty_ok""]",No cumple los filtros mínimos de tendencia/liquidez/precio.,True,False,False,False,True,True,True,True,False,False,True,False,True,True,False,False,True,False,True,631.48,590.7811,600.1151,642.1429,24.7479,19102405.0,0.0523,633.9033,574.5952,59.3081,752.5194,0.0,640.2423
2026-07-10,MSFT,candidate,2026-07-09,254,rejected,9,12,75.0,"[""close_above_sma200"", ""sma50_above_sma200"", ""pullback_ok""]",No cumple los filtros mínimos de tendencia/liquidez/precio.,True,False,False,False,True,True,True,True,False,False,True,False,True,True,False,False,True,True,True,384.36,386.2585,404.1932,441.3382,12.5136,48484220.0,-0.0491,385.0346,372.0986,12.936,410.9066,3.0,388.885
2026-07-10,NVDA,candidate,2026-07-09,254,trend_only,10,12,83.33,"[""pullback_ok"", ""bullish_turn_ok""]","Cumple tendencia, pero todavía no hay retroceso/vela señal válida.",True,True,False,False,True,True,True,True,True,True,True,False,False,True,False,False,True,True,True,202.78,201.9105,209.2432,191.5251,6.635,147480560.0,-0.0309,204.7946,198.2965,6.4981,217.7907,7.0,206.8425
2026-07-10,QQQ,candidate,2026-07-09,254,almost_valid,11,12,91.67,"[""pullback_ok""]","Tiene tendencia y parte del setup, pero le falta alguna condición final.",True,True,False,False,True,True,True,True,True,True,True,False,True,True,True,False,True,True,True,723.28,719.275,713.2179,636.0047,16.4642,47449565.0,0.0141,724.9542,713.4836,11.4706,747.8955,4.0,732.2038
2026-07-10,REP.MC,candidate,2026-07-10,259,almost_valid,11,12,91.67,"[""pullback_ok""]","Tiene tendencia y parte del setup, pero le falta alguna condición final.",True,True,False,False,True,True,True,True,True,True,True,False,True,True,True,True,False,True,True,23.41,22.0117,21.8537,18.3262,0.5706,4309656.0,0.0712,23.4935,23.0729,0.4205,24.3345,118.0,23.7284
2026-07-10,SAN.MC,candidate,2026-07-10,259,rejected,11,12,91.67,"[""distance_sma50_ok""]",No cumple los filtros mínimos de tendencia/liquidez/precio.,True,False,True,False,True,True,True,True,True,True,False,True,True,True,True,True,True,True,True,12.174,11.895,11.1062,9.992,0.2294,24912967.0,0.0961,12.1862,12.0371,0.1491,12.4844,335.0,12.308
2026-07-10,SPY,market_index,,254,market_ok,0,0,0.0,,Filtro de mercado general usado para permitir/bloquear nuevas entradas.,True,False,False,False,False,False,False,False,False,False,False,False,False,False,False,False,False,False,False,,,,,,,,,,,,,
2026-07-10,TSLA,candidate,2026-07-09,254,rejected,9,12,75.0,"[""close_above_sma200"", ""sma50_above_sma200"", ""pullback_ok""]",No cumple los filtros mínimos de tendencia/liquidez/precio.,True,False,False,False,True,True,True,True,False,False,True,False,True,True,False,False,True,True,True,406.55,403.3542,408.5616,418.2721,20.7071,47227370.0,-0.0049,408.2678,388.7893,19.4786,447.225,2.0,412.3505
2026-07-11,AAPL,candidate,2026-07-10,255,valid_signal,12,12,100.0,[],Cumple todos los filtros y genera señal operable.,True,True,True,True,True,True,True,True,True,True,True,True,True,True,True,True,True,True,True,315.32,302.0731,297.727,272.0966,8.9464,64553610.0,0.0591,317.2269,311.2754,5.9515,329.13,8.0,320.3992
2026-07-11,AMZN,candidate,2026-07-10,255,trend_only,10,12,83.33,"[""pullback_ok"", ""bullish_turn_ok""]","Cumple tendencia, pero todavía no hay retroceso/vela señal válida.",True,True,False,False,True,True,True,True,True,True,True,False,False,False,False,False,True,True,True,245.34,243.3833,254.0346,233.3332,8.0521,62047655.0,-0.0342,251.281,243.6048,7.6762,266.6335,6.0,253.7938
2026-07-11,BBVA.MC,candidate,2026-07-10,259,rejected,11,12,91.67,"[""distance_sma50_ok""]",No cumple los filtros mínimos de tendencia/liquidez/precio.,True,False,True,False,True,True,True,True,True,True,False,True,True,True,True,True,True,True,True,22.48,21.7365,20.2996,18.7824,0.4307,11283913.0,0.1074,22.6426,22.1169,0.5257,23.694,95.0,22.869
2026-07-11,CABK.MC,candidate,2026-07-09,258,valid_signal,12,12,100.0,[],Cumple todos los filtros y genera señal operable.,True,True,True,True,True,True,True,True,True,True,True,True,True,True,True,True,True,True,True,12.55,12.3409,11.7036,10.2032,0.2189,6121283.0,0.0723,12.6026,12.3981,0.2045,13.0116,244.0,12.7286
2026-07-11,FER.MC,candidate,2026-07-09,258,trend_only,10,12,83.33,"[""pullback_ok"", ""bullish_turn_ok""]","Cumple tendencia, pero todavía no hay retroceso/vela señal válida.",True,True,False,False,True,True,True,True,True,True,True,False,False,False,False,False,True,True,True,56.64,58.977,58.6837,56.5908,1.27,1309992.0,-0.0348,57.097,56.273,0.824,58.7451,60.0,57.668
2026-07-11,GOOGL,candidate,2026-07-10,255,trend_only,10,12,83.33,"[""pullback_ok"", ""bullish_turn_ok""]","Cumple tendencia, pero todavía no hay retroceso/vela señal válida.",True,True,False,False,True,True,True,True,True,True,True,False,False,True,False,False,True,True,True,357.18,360.1066,372.6217,318.579,11.4821,35547560.0,-0.0414,358.1778,351.6018,6.576,371.3299,7.0,361.7596
2026-07-11,IBE.MC,candidate,2026-07-10,259,almost_valid,11,12,91.67,"[""bullish_turn_ok""]","Tiene tendencia y parte del setup, pero le falta alguna condición final.",True,True,False,False,True,True,True,True,True,True,True,True,False,False,True,True,True,True,True,20.9,20.7671,19.9101,18.5513,0.3613,13884917.0,0.0497,21.0811,20.8239,0.2572,21.5954,194.0,21.2919
2026-07-11,ITX.MC,candidate,2026-07-09,258,valid_signal,12,12,100.0,[],Cumple todos los filtros y genera señal operable.,True,True,True,True,True,True,True,True,True,True,True,True,True,True,True,True,True,True,True,55.4,55.4665,53.4868,51.8296,1.2529,1712611.0,0.0358,55.6956,54.5347,1.1609,58.0175,43.0,56.2526
2026-07-11,IWM,candidate,2026-07-10,255,valid_signal,12,12,100.0,[],Cumple todos los filtros y genera señal operable.,True,True,True,True,True,True,True,True,True,True,True,True,True,True,True,True,True,True,True,295.99,294.9912,288.1918,261.038,4.6893,26229885.0,0.0271,298.5082,293.1511,5.3571,309.2225,9.0,301.4933
2026-07-11,META,candidate,2026-07-10,255,rejected,9,12,75.0,"[""sma50_above_sma200"", ""distance_sma50_ok"", ""pullback_ok""]",No cumple los filtros mínimos de tendencia/liquidez/precio.,True,False,False,False,True,True,True,True,True,False,False,False,True,True,False,False,True,True,True,669.21,598.2505,600.0849,641.6731,26.8379,20295630.0,0.1152,678.5378,655.3262,23.2116,724.9611,2.0,685.3232
2026-07-11,MSFT,candidate,2026-07-10,255,rejected,8,12,66.67,"[""close_above_sma200"", ""sma50_above_sma200"", ""pullback_ok"", ""bullish_turn_ok""]",No cumple los filtros mínimos de tendencia/liquidez/precio.,True,False,False,False,True,True,True,True,False,False,True,False,False,False,False,False,True,True,True,385.1,386.1482,403.3288,440.7076,12.6793,48088515.0,-0.0452,392.3019,380.2321,12.0698,416.4416,4.0,396.2249
2026-07-11,NVDA,candidate,2026-07-10,255,almost_valid,11,12,91.67,"[""pullback_ok""]","Tiene tendencia y parte del setup, pero le falta alguna condición final.",True,True,False,False,True,True,True,True,True,True,True,False,True,True,False,False,True,True,True,210.96,202.7517,209.0737,191.4684,6.8021,146818825.0,0.009,211.211,201.2398,9.9712,231.1534,5.0,213.3231
2026-07-11,QQQ,candidate,2026-07-10,255,almost_valid,11,12,91.67,"[""pullback_ok""]","Tiene tendencia y parte del setup, pero le falta alguna condición final.",True,True,False,False,True,True,True,True,True,True,True,False,True,True,True,False,True,True,True,725.51,719.8688,714.5916,636.6322,15.7572,45505680.0,0.0153,727.1164,715.4243,11.6921,750.5006,4.0,734.3876
2026-07-11,REP.MC,candidate,2026-07-09,258,almost_valid,11,12,91.67,"[""pullback_ok""]","Tiene tendencia y parte del setup, pero le falta alguna condición final.",True,True,False,False,True,True,True,True,True,True,True,False,True,True,False,True,True,True,True,23.23,21.8645,21.8298,18.2825,0.5756,4507877.0,0.0641,23.2632,22.5324,0.7308,24.7248,68.0,23.4959
2026-07-11,SAN.MC,candidate,2026-07-10,259,rejected,11,12,91.67,"[""distance_sma50_ok""]",No cumple los filtros mínimos de tendencia/liquidez/precio.,True,False,True,False,True,True,True,True,True,True,False,True,True,True,True,True,True,True,True,12.138,11.8916,11.1055,9.9918,0.2319,25505566.0,0.093,12.2202,12.0368,0.1834,12.587,272.0,12.3424
2026-07-11,SPY,market_index,,255,market_ok,0,0,0.0,,Filtro de mercado general usado para permitir/bloquear nuevas entradas.,True,False,False,False,False,False,False,False,False,False,False,False,False,False,False,False,False,False,False,,,,,,,,,,,,,
2026-07-11,TSLA,candidate,2026-07-10,255,rejected,8,12,66.67,"[""close_above_sma200"", ""sma50_above_sma200"", ""pullback_ok"", ""bullish_turn_ok""]",No cumple los filtros mínimos de tendencia/liquidez/precio.,True,False,False,False,True,True,True,True,False,False,True,False,False,False,False,False,True,True,True,407.76,403.7738,409.1964,418.1399,20.1736,46415260.0,-0.0035,413.5732,400.7926,12.7805,439.1342,3.0,417.7089
2026-07-14,AAPL,candidate,2026-07-13,253,almost_valid,11,12,91.67,"[""bullish_turn_ok""]","Tiene tendencia y parte del setup, pero le falta alguna condición final.",True,True,False,False,True,True,True,True,True,True,True,True,False,False,True,True,True,True,True,317.31,303.5243,298.6747,272.4146,9.1229,64586875.0,0.0624,323.7735,314.8677,8.9057,341.585,5.0,327.0112
2026-07-14,AMZN,candidate,2026-07-13,253,almost_valid,11,12,91.67,"[""pullback_ok""]","Tiene tendencia y parte del setup, pero le falta alguna condición final.",True,True,False,False,True,True,True,True,True,True,True,False,True,True,False,False,True,True,True,247.31,243.7573,253.72,233.4662,7.575,61712165.0,-0.0253,249.8996,243.4225,6.4772,262.8539,7.0,252.3986
2026-07-14,BBVA.MC,candidate,2026-07-10,256,rejected,11,12,91.67,"[""distance_sma50_ok""]",No cumple los filtros mínimos de tendencia/liquidez/precio.,True,False,True,False,True,True,True,True,True,True,False,True,True,True,True,True,True,True,True,22.48,21.7365,20.2996,18.7824,0.4307,11283913.0,0.1074,22.6426,22.1169,0.5257,23.694,95.0,22.869
2026-07-14,CABK.MC,candidate,2026-07-10,256,almost_valid,11,12,91.67,"[""bullish_turn_ok""]","Tiene tendencia y parte del setup, pero le falta alguna condición final.",True,True,False,False,True,True,True,True,True,True,True,True,False,False,True,True,True,True,True,12.525,12.3584,11.7373,10.2241,0.2154,6020258.0,0.0671,12.6476,12.5035,0.1442,12.936,346.0,12.7741
2026-07-14,FER.MC,candidate,2026-07-13,257,rejected,9,12,75.0,"[""close_above_sma200"", ""pullback_ok"", ""bullish_turn_ok""]",No cumple los filtros mínimos de tendencia/liquidez/precio.,True,False,False,False,True,True,True,True,False,True,True,False,False,False,False,False,True,True,True,56.0,58.5059,58.6289,56.683,1.1614,1304962.0,-0.0448,56.5765,55.7239,0.8527,58.2818,58.0,57.1423
2026-07-14,GOOGL,candidate,2026-07-13,253,trend_only,10,12,83.33,"[""pullback_ok"", ""bullish_turn_ok""]","Cumple tendencia, pero todavía no hay retroceso/vela señal válida.",True,True,False,False,True,True,True,True,True,True,True,False,False,False,False,False,True,True,True,352.51,359.3831,372.6773,319.0857,10.0586,34563465.0,-0.0541,358.4881,350.7441,7.744,373.9761,6.0,362.073
2026-07-14,IBE.MC,candidate,2026-07-10,256,almost_valid,11,12,91.67,"[""bullish_turn_ok""]","Tiene tendencia y parte del setup, pero le falta alguna condición final.",True,True,False,False,True,True,True,True,True,True,True,True,False,False,True,True,True,True,True,20.9,20.7671,19.9101,18.5513,0.3613,13884917.0,0.0497,21.0811,20.8239,0.2572,21.5954,194.0,21.2919
2026-07-14,ITX.MC,candidate,2026-07-10,256,almost_valid,11,12,91.67,"[""bullish_turn_ok""]","Tiene tendencia y parte del setup, pero le falta alguna condición final.",True,True,False,False,True,True,True,True,True,True,True,True,False,False,True,True,True,True,True,54.96,55.4183,53.5744,51.8895,1.27,1651092.0,0.0259,55.8558,54.813,1.0428,57.9414,47.0,56.4144
2026-07-14,IWM,candidate,2026-07-13,253,almost_valid,11,12,91.67,"[""bullish_turn_ok""]","Tiene tendencia y parte del setup, pero le falta alguna condición final.",True,True,False,False,True,True,True,True,True,True,True,True,False,False,True,True,True,True,True,293.48,294.8472,288.6327,261.2953,4.6529,25118540.0,0.0168,296.0758,292.1347,3.9411,303.9579,12.0,299.0365
2026-07-14,META,candidate,2026-07-13,253,rejected,8,12,66.67,"[""sma50_above_sma200"", ""distance_sma50_ok"", ""pullback_ok"", ""bullish_turn_ok""]",No cumple los filtros mínimos de tendencia/liquidez/precio.,True,False,False,False,True,True,True,True,True,False,False,False,False,False,False,False,True,True,True,656.73,603.82,599.8495,641.1896,27.1957,20406975.0,0.0948,677.2966,651.4804,25.8162,728.929,1.0,684.0696
2026-07-14,MSFT,candidate,2026-07-13,253,rejected,9,12,75.0,"[""close_above_sma200"", ""sma50_above_sma200"", ""pullback_ok""]",No cumple los filtros mínimos de tendencia/liquidez/precio.,True,False,False,False,True,True,True,True,False,False,True,False,True,True,False,False,True,True,True,390.99,386.6093,402.6777,440.1325,12.3179,47172035.0,-0.029,394.0436,382.9182,11.1254,416.2945,4.0,397.9841
2026-07-14,NVDA,candidate,2026-07-13,253,trend_only,10,12,83.33,"[""pullback_ok"", ""bullish_turn_ok""]","Cumple tendencia, pero todavía no hay retroceso/vela señal válida.",True,True,False,False,True,True,True,True,True,True,True,False,False,False,False,False,True,True,True,203.53,202.8259,208.9642,191.5951,6.9229,144948705.0,-0.026,210.7806,202.3077,8.4729,227.7263,5.0,212.8884
2026-07-14,QQQ,candidate,2026-07-13,253,trend_only,10,12,83.33,"[""pullback_ok"", ""bullish_turn_ok""]","Cumple tendencia, pero todavía no hay retroceso/vela señal válida.",True,True,False,False,True,True,True,True,True,True,True,False,False,False,False,False,True,True,True,711.74,719.0947,715.6095,637.2108,16.0693,43735375.0,-0.0054,719.4587,708.4731,10.9856,741.43,4.0,726.6533
2026-07-14,REP.MC,candidate,2026-07-10,256,trend_only,10,12,83.33,"[""pullback_ok"", ""bullish_turn_ok""]","Cumple tendencia, pero todavía no hay retroceso/vela señal válida.",True,True,False,False,True,True,True,True,True,True,True,False,False,False,True,True,False,True,True,23.12,21.9841,21.8479,18.3248,0.5749,4408480.0,0.0582,23.4935,23.0125,0.481,24.4554,103.0,23.7284
2026-07-14,SAN.MC,candidate,2026-07-10,256,rejected,11,12,91.67,"[""distance_sma50_ok""]",No cumple los filtros mínimos de tendencia/liquidez/precio.,True,False,True,False,True,True,True,True,True,True,False,True,True,True,True,True,True,True,True,12.138,11.8916,11.1055,9.9918,0.2319,25505566.0,0.093,12.2202,12.0368,0.1834,12.587,272.0,12.3424
2026-07-14,SPY,market_index,,253,market_ok,0,0,0.0,,Filtro de mercado general usado para permitir/bloquear nuevas entradas.,True,False,False,False,False,False,False,False,False,False,False,False,False,False,False,False,False,False,False,,,,,,,,,,,,,
2026-07-14,TSLA,candidate,2026-07-13,253,rejected,8,12,66.67,"[""close_above_sma200"", ""sma50_above_sma200"", ""pullback_ok"", ""bullish_turn_ok""]",No cumple los filtros mínimos de tendencia/liquidez/precio.,True,False,False,False,True,True,True,True,False,False,True,False,False,False,False,False,True,True,True,394.76,402.9153,409.6356,417.9845,19.8907,45788895.0,-0.0363,405.9756,389.3809,16.5947,439.1649,3.0,410.0353
2026-07-15,AAPL,candidate,2026-07-15,254,rejected,11,12,91.67,"[""distance_sma50_ok""]",No cumple los filtros mínimos de tendencia/liquidez/precio.,True,False,True,False,True,True,True,True,True,True,False,True,True,True,True,True,True,True,True,327.5,306.7844,300.5023,273.0877,9.4829,65221181.0,0.0898,329.0487,316.3717,12.677,354.4027,3.0,332.3392
2026-07-15,AMZN,candidate,2026-07-15,254,almost_valid,11,12,91.67,"[""pullback_ok""]","Tiene tendencia y parte del setup, pero le falta alguna condición final.",True,True,False,False,True,True,True,True,True,True,True,False,True,True,False,False,True,True,True,254.96,245.1459,253.1026,233.7867,7.5329,60689465.0,0.0073,256.7365,249.1667,7.5698,271.876,6.0,259.3039
2026-07-15,BBVA.MC,candidate,2026-07-14,257,rejected,11,12,91.67,"[""distance_sma50_ok""]",No cumple los filtros mínimos de tendencia/liquidez/precio.,True,False,True,False,True,True,True,True,True,True,False,True,True,True,True,True,True,True,True,22.57,21.8722,20.4762,18.8518,0.4407,10688539.0,0.1023,22.7227,22.0059,0.7168,24.1562,69.0,22.9499
2026-07-15,CABK.MC,candidate,2026-07-14,257,valid_signal,12,12,100.0,[],Cumple todos los filtros y genera señal operable.,True,True,True,True,True,True,True,True,True,True,True,True,True,True,True,True,True,True,True,12.495,12.3759,11.8078,10.264,0.2168,5893453.0,0.0582,12.5075,12.1383,0.3692,13.2458,135.0,12.6326
2026-07-15,FER.MC,candidate,2026-07-14,257,rejected,9,12,75.0,"[""close_above_sma200"", ""pullback_ok"", ""bullish_turn_ok""]",No cumple los filtros mínimos de tendencia/liquidez/precio.,True,False,False,False,True,True,True,True,False,True,True,False,False,True,False,False,True,True,True,56.0,58.2672,58.5771,56.7255,1.1614,1285945.0,-0.044,56.2762,55.0639,1.2124,58.7009,41.0,56.839
2026-07-15,GOOGL,candidate,2026-07-15,254,almost_valid,11,12,91.67,"[""pullback_ok""]","Tiene tendencia y parte del setup, pero le falta alguna condición final.",True,True,False,False,True,True,True,True,True,True,True,False,True,True,False,False,True,True,True,370.92,360.4928,371.8853,320.278,10.3393,34263894.0,-0.0026,374.0236,356.7261,17.2976,408.6188,2.0,377.7639
2026-07-15,IBE.MC,candidate,2026-07-14,257,valid_signal,12,12,100.0,[],Cumple todos los filtros y genera señal operable.,True,True,True,True,True,True,True,True,True,True,True,True,True,True,True,True,True,True,True,21.24,20.8443,19.9873,18.6085,0.3516,13072047.0,0.0627,21.3013,20.9448,0.3564,22.0142,140.0,21.5143
2026-07-15,ITX.MC,candidate,2026-07-14,257,trend_only,10,12,83.33,"[""pullback_ok"", ""bullish_turn_ok""]","Cumple tendencia, pero todavía no hay retroceso/vela señal válida.",True,True,False,False,True,True,True,True,True,True,True,False,False,True,True,False,True,True,True,53.72,55.2033,53.7482,51.9921,1.3486,1620575.0,-0.0005,54.014,52.8251,1.1888,56.3916,42.0,54.5541
2026-07-15,IWM,candidate,2026-07-15,254,valid_signal,12,12,100.0,[],Cumple todos los filtros y genera señal operable.,True,True,True,True,True,True,True,True,True,True,True,True,True,True,True,True,True,True,True,295.77,294.9061,289.3197,261.8602,4.2807,24063650.0,0.0223,297.4372,293.7319,3.7052,304.8476,13.0,300.4115
2026-07-15,META,candidate,2026-07-15,254,rejected,9,12,75.0,"[""sma50_above_sma200"", ""distance_sma50_ok"", ""pullback_ok""]",No cumple los filtros mínimos de tendencia/liquidez/precio.,True,False,False,False,True,True,True,True,True,False,False,False,True,True,False,True,True,True,True,681.31,616.1305,602.3059,640.373,28.7814,20533535.0,0.1312,686.7661,653.782,32.9841,752.7344,1.0,693.6338
2026-07-15,MSFT,candidate,2026-07-15,254,rejected,9,12,75.0,"[""close_above_sma200"", ""sma50_above_sma200"", ""pullback_ok""]",No cumple los filtros mínimos de tendencia/liquidez/precio.,True,False,False,False,True,True,True,True,False,False,True,False,True,True,False,False,True,True,True,395.63,387.3237,401.8801,438.9814,12.4886,46844431.0,-0.0156,399.359,385.1511,14.2078,427.7746,3.0,403.3525
2026-07-15,NVDA,candidate,2026-07-15,254,almost_valid,11,12,91.67,"[""pullback_ok""]","Tiene tendencia y parte del setup, pero le falta alguna condición final.",True,True,False,False,True,True,True,True,True,True,True,False,True,True,False,False,True,True,True,212.5,204.5205,209.4991,191.9455,7.1407,144043093.0,0.0143,214.0238,205.3259,8.6979,231.4196,5.0,216.164
2026-07-15,QQQ,candidate,2026-07-15,254,almost_valid,11,12,91.67,"[""pullback_ok""]","Tiene tendencia y parte del setup, pero le falta alguna condición final.",True,True,False,False,True,True,True,True,True,True,True,False,True,True,False,False,True,True,True,717.74,719.0169,717.5497,638.4714,14.88,41848824.0,0.0003,725.0743,708.742,16.3323,757.739,3.0,732.3251
2026-07-15,REP.MC,candidate,2026-07-14,257,rejected,10,12,83.33,"[""distance_sma50_ok"", ""pullback_ok""]",No cumple los filtros mínimos de tendencia/liquidez/precio.,True,False,False,False,True,True,True,True,True,True,False,False,True,True,True,True,False,True,True,24.36,22.3893,21.9246,18.42,0.6128,4318012.0,0.1111,24.5345,23.6487,0.8858,26.3061,56.0,24.7799
2026-07-15,SAN.MC,candidate,2026-07-14,257,almost_valid,11,12,91.67,"[""bullish_turn_ok""]","Tiene tendencia y parte del setup, pero le falta alguna condición final.",True,True,False,False,True,True,True,True,True,True,True,True,False,True,True,True,True,True,True,11.984,11.9106,11.1824,10.0259,0.2411,23834002.0,0.0717,12.1141,11.7819,0.3322,12.7785,150.0,12.2352
2026-07-15,SPY,market_index,,254,market_ok,0,0,0.0,,Filtro de mercado general usado para permitir/bloquear nuevas entradas.,True,False,False,False,False,False,False,False,False,False,False,False,False,False,False,False,False,False,False,,,,,,,,,,,,,
2026-07-15,TSLA,candidate,2026-07-15,254,rejected,8,12,66.67,"[""close_above_sma200"", ""sma50_above_sma200"", ""pullback_ok"", ""bullish_turn_ok""]",No cumple los filtros mínimos de tendencia/liquidez/precio.,True,False,False,False,True,True,True,True,False,False,True,False,False,False,False,False,True,True,True,394.46,401.5297,409.9994,417.6067,18.8814,43075053.0,-0.0379,406.9961,388.7719,18.2242,443.4446,2.0,411.0661
2026-07-16,AAPL,candidate,2026-07-16,254,rejected,11,12,91.67,"[""distance_sma50_ok""]",No cumple los filtros mínimos de tendencia/liquidez/precio.,True,False,True,False,True,True,True,True,True,True,False,True,True,True,True,True,True,True,True,333.26,309.3059,301.636,273.4803,8.6664,66369984.0,0.1048,335.0147,325.9234,9.0913,353.1973,5.0,338.3648
2026-07-16,AMZN,candidate,2026-07-16,254,trend_only,10,12,83.33,"[""pullback_ok"", ""bullish_turn_ok""]","Cumple tendencia, pero todavía no hay retroceso/vela señal válida.",True,True,False,False,True,True,True,True,True,True,True,False,False,False,False,False,True,True,True,249.89,245.5977,252.6594,233.9372,7.6302,61309346.0,-0.011,258.3406,247.237,11.1036,280.5477,4.0,260.924
2026-07-16,BBVA.MC,candidate,2026-07-15,257,rejected,10,12,83.33,"[""distance_sma50_ok"", ""bullish_turn_ok""]",No cumple los filtros mínimos de tendencia/liquidez/precio.,True,False,False,False,True,True,True,True,True,True,False,True,False,False,True,True,True,True,True,22.21,21.9044,20.5429,18.8852,0.4371,10219045.0,0.0812,22.4424,22.0863,0.3561,23.1547,140.0,22.6668
2026-07-16,CABK.MC,candidate,2026-07-15,257,almost_valid,11,12,91.67,"[""bullish_turn_ok""]","Tiene tendencia y parte del setup, pero le falta alguna condición final.",True,True,False,False,True,True,True,True,True,True,True,True,False,False,True,True,True,True,True,12.34,12.3724,11.8358,10.2832,0.2154,5730098.0,0.0426,12.4825,12.2785,0.204,12.8905,245.0,12.6073
2026-07-16,FER.MC,candidate,2026-07-15,257,rejected,9,12,75.0,"[""close_above_sma200"", ""pullback_ok"", ""bullish_turn_ok""]",No cumple los filtros mínimos de tendencia/liquidez/precio.,True,False,False,False,True,True,True,True,False,True,True,False,False,False,False,False,True,True,True,55.92,58.0437,58.4916,56.766,1.1329,1173674.0,-0.044,56.5165,55.5067,1.0097,58.536,49.0,57.0816
2026-07-16,GOOGL,candidate,2026-07-16,254,trend_only,10,12,83.33,"[""pullback_ok"", ""bullish_turn_ok""]","Cumple tendencia, pero todavía no hay retroceso/vela señal válida.",True,True,False,False,True,True,True,True,True,True,True,False,False,False,False,False,True,True,True,354.46,359.9182,371.314,320.82,11.2836,35076126.0,-0.0454,375.6453,351.1917,24.4536,424.5525,2.0,379.4017
2026-07-16,IBE.MC,candidate,2026-07-15,257,almost_valid,11,12,91.67,"[""bullish_turn_ok""]","Tiene tendencia y parte del setup, pero le falta alguna condición final.",True,True,False,False,True,True,True,True,True,True,True,True,False,True,True,True,True,True,True,21.15,20.8734,20.023,18.6364,0.3344,12884562.0,0.0563,21.2312,20.9966,0.2347,21.7005,213.0,21.4435
2026-07-16,ITX.MC,candidate,2026-07-15,257,almost_valid,11,12,91.67,"[""pullback_ok""]","Tiene tendencia y parte del setup, pero le falta alguna condición final.",True,True,False,False,True,True,True,True,True,True,True,False,True,True,True,False,True,True,True,54.08,55.0963,53.781,52.0356,1.3343,1578894.0,0.0056,54.1941,52.7666,1.4276,57.0493,35.0,54.7361
2026-07-16,IWM,candidate,2026-07-16,254,almost_valid,11,12,91.67,"[""bullish_turn_ok""]","Tiene tendencia y parte del setup, pero le falta alguna condición final.",True,True,False,False,True,True,True,True,True,True,True,True,False,False,True,True,True,True,True,295.59,294.9712,289.6871,262.1405,4.1854,24076026.0,0.0204,298.1078,293.9265,4.1813,306.4705,11.0,301.0889
2026-07-16,META,candidate,2026-07-16,254,rejected,8,12,66.67,"[""sma50_above_sma200"", ""distance_sma50_ok"", ""pullback_ok"", ""bullish_turn_ok""]",No cumple los filtros mínimos de tendencia/liquidez/precio.,True,False,False,False,True,True,True,True,True,False,False,False,False,False,False,True,True,True,True,664.54,620.7409,603.3998,639.9866,29.085,20816765.0,0.1013,682.5819,657.2515,25.3305,733.2428,1.0,689.4077
2026-07-16,MSFT,candidate,2026-07-16,254,rejected,9,12,75.0,"[""close_above_sma200"", ""sma50_above_sma200"", ""pullback_ok""]",No cumple los filtros mínimos de tendencia/liquidez/precio.,True,False,False,False,True,True,True,True,False,False,True,False,True,True,False,False,False,True,True,401.1,388.6358,401.6475,438.4457,12.3228,47165521.0,-0.0014,406.396,390.8178,15.5782,437.5523,3.0,410.4599
2026-07-16,NVDA,candidate,2026-07-16,254,trend_only,10,12,83.33,"[""pullback_ok"", ""bullish_turn_ok""]","Cumple tendencia, pero todavía no hay retroceso/vela señal válida.",True,True,False,False,True,True,True,True,True,True,True,False,False,False,False,False,True,True,True,207.4,204.7947,209.6821,192.0927,6.9964,143861946.0,-0.0109,211.2911,205.1504,6.1407,223.5725,8.0,213.404
2026-07-16,QQQ,candidate,2026-07-16,254,trend_only,10,12,83.33,"[""pullback_ok"", ""bullish_turn_ok""]","Cumple tendencia, pero todavía no hay retroceso/vela señal válida.",True,True,False,False,True,True,True,True,True,True,True,False,False,False,False,False,True,True,True,705.94,717.7715,718.2257,639.0321,14.4236,41479681.0,-0.0171,714.3086,701.1676,13.1409,740.5904,3.0,721.4517
2026-07-16,REP.MC,candidate,2026-07-15,257,rejected,10,12,83.33,"[""distance_sma50_ok"", ""bullish_turn_ok""]",No cumple los filtros mínimos de tendencia/liquidez/precio.,True,False,False,False,True,True,True,True,True,True,False,True,False,False,True,True,True,True,True,23.86,22.5293,21.9748,18.468,0.6267,4463614.0,0.0858,24.5645,23.6973,0.8672,26.299,57.0,24.8102
2026-07-16,SAN.MC,candidate,2026-07-15,257,almost_valid,11,12,91.67,"[""bullish_turn_ok""]","Tiene tendencia y parte del setup, pero le falta alguna condición final.",True,True,False,False,True,True,True,True,True,True,True,True,False,True,True,True,True,True,True,11.968,11.916,11.21,10.0425,0.2451,22708539.0,0.0676,12.048,11.7575,0.2906,12.6291,172.0,12.1685
2026-07-16,SPY,market_index,,254,market_ok,0,0,0.0,,Filtro de mercado general usado para permitir/bloquear nuevas entradas.,True,False,False,False,False,False,False,False,False,False,False,False,False,False,False,False,False,False,False,,,,,,,,,,,,,
2026-07-16,TSLA,candidate,2026-07-16,254,rejected,8,12,66.67,"[""close_above_sma200"", ""sma50_above_sma200"", ""pullback_ok"", ""bullish_turn_ok""]",No cumple los filtros mínimos de tendencia/liquidez/precio.,True,False,False,False,True,True,True,True,False,False,True,False,False,True,False,False,True,True,True,391.06,400.5326,409.9704,417.36,19.0307,42516845.0,-0.0461,395.7053,383.4169,12.2884,420.2821,4.0,399.6624
2026-07-17,AAPL,candidate,2026-07-17,255,blocked_by_market,9,12,75.0,"[""market_ok"", ""distance_sma50_ok"", ""pullback_ok""]",El filtro del mercado general bloquea nuevas entradas.,False,False,False,False,True,True,True,True,True,True,False,False,True,True,True,True,False,True,True,333.74,311.633,302.6324,273.8804,8.255,67413839.0,0.1028,335.315,328.1751,7.1399,349.5947,7.0,338.6681
2026-07-17,AMZN,candidate,2026-07-17,255,blocked_by_market,9,12,75.0,"[""market_ok"", ""pullback_ok"", ""bullish_turn_ok""]",El filtro del mercado general bloquea nuevas entradas.,False,True,False,False,True,True,True,True,True,True,True,False,False,True,True,False,True,True,True,247.23,245.7531,252.133,234.0625,7.55,61109180.0,-0.0194,250.4902,242.835,7.6552,265.8007,6.0,252.9951
2026-07-17,BBVA.MC,candidate,2026-07-16,258,blocked_by_market,10,12,83.33,"[""market_ok"", ""distance_sma50_ok""]",El filtro del mercado general bloquea nuevas entradas.,False,False,True,False,True,True,True,True,True,True,False,True,True,True,True,True,True,True,True,22.6,21.9706,20.6154,18.9203,0.4393,9961899.0,0.0963,22.6226,22.1261,0.4965,23.6157,100.0,22.8488
2026-07-17,CABK.MC,candidate,2026-07-16,258,blocked_by_market,11,12,91.67,"[""market_ok""]",El filtro del mercado general bloquea nuevas entradas.,False,True,True,False,True,True,True,True,True,True,True,True,True,True,True,True,True,True,True,12.475,12.3822,11.8665,10.3023,0.2229,5783859.0,0.0513,12.4875,12.1727,0.3148,13.117,158.0,12.6124
2026-07-17,FER.MC,candidate,2026-07-16,258,blocked_by_market,8,12,66.67,"[""market_ok"", ""close_above_sma200"", ""pullback_ok"", ""bullish_turn_ok""]",El filtro del mercado general bloquea nuevas entradas.,False,False,False,False,True,True,True,True,False,True,True,False,False,False,False,False,True,True,True,55.82,57.8319,58.423,56.8041,1.1043,1158701.0,-0.0446,56.4764,55.4296,1.0468,58.5701,47.0,57.0412
2026-07-17,GOOGL,candidate,2026-07-17,255,blocked_by_market,9,12,75.0,"[""market_ok"", ""pullback_ok"", ""bullish_turn_ok""]",El filtro del mercado general bloquea nuevas entradas.,False,True,False,False,True,True,True,True,True,True,True,False,False,True,False,False,True,True,True,346.77,358.666,370.4855,321.336,11.0664,35351968.0,-0.064,348.8685,340.2533,8.6152,366.0988,5.0,352.3572
2026-07-17,IBE.MC,candidate,2026-07-16,258,blocked_by_market,10,12,83.33,"[""market_ok"", ""bullish_turn_ok""]",El filtro del mercado general bloquea nuevas entradas.,False,True,False,False,True,True,True,True,True,True,True,True,False,True,True,True,True,True,True,20.97,20.8826,20.0577,18.663,0.3365,12621424.0,0.0455,21.2012,20.6964,0.5048,22.2108,99.0,21.4132
2026-07-17,ITX.MC,candidate,2026-07-16,258,blocked_by_market,10,12,83.33,"[""market_ok"", ""pullback_ok""]",El filtro del mercado general bloquea nuevas entradas.,False,True,False,False,True,True,True,True,True,True,True,False,True,True,True,False,True,True,True,54.28,55.0185,53.813,52.0751,1.3071,1531602.0,0.0087,54.3343,53.2293,1.105,56.5443,45.0,54.8776
2026-07-17,IWM,candidate,2026-07-17,255,blocked_by_market,10,12,83.33,"[""market_ok"", ""bullish_turn_ok""]",El filtro del mercado general bloquea nuevas entradas.,False,True,False,False,True,True,True,True,True,True,True,True,False,True,True,True,True,True,True,294.04,294.8825,289.9301,262.4116,4.1979,23503592.0,0.0142,296.4261,291.2302,5.1959,306.818,9.0,299.3904
2026-07-17,META,candidate,2026-07-17,255,blocked_by_market,9,12,75.0,"[""market_ok"", ""sma50_above_sma200"", ""bullish_turn_ok""]",El filtro del mercado general bloquea nuevas entradas.,False,False,False,False,True,True,True,True,True,False,True,True,False,True,True,True,True,True,True,646.01,623.1475,604.232,639.5093,30.6629,20845134.0,0.0691,652.8522,622.9337,29.9185,712.6892,1.0,659.3807
2026-07-17,MSFT,candidate,2026-07-17,255,blocked_by_market,7,12,58.33,"[""market_ok"", ""close_above_sma200"", ""sma50_above_sma200"", ""pullback_ok"", ""bullish_turn_ok""]",El filtro del mercado general bloquea nuevas entradas.,False,False,False,False,True,True,True,True,False,False,True,False,False,False,False,False,True,True,True,393.82,389.1295,401.3141,437.858,11.4607,46850969.0,-0.0187,398.7884,388.2439,10.5445,419.8773,4.0,402.7763
2026-07-17,NVDA,candidate,2026-07-17,255,blocked_by_market,9,12,75.0,"[""market_ok"", ""pullback_ok"", ""bullish_turn_ok""]",El filtro del mercado general bloquea nuevas entradas.,False,True,False,False,True,True,True,True,True,True,True,False,False,True,False,False,True,True,True,202.81,204.6057,209.8129,192.1987,7.3471,144691088.0,-0.0334,206.8516,197.2353,9.6164,226.0844,5.0,208.9202
2026-07-17,QQQ,candidate,2026-07-17,255,blocked_by_market,9,12,75.0,"[""market_ok"", ""pullback_ok"", ""bullish_turn_ok""]",El filtro del mercado general bloquea nuevas entradas.,False,True,False,False,True,True,True,True,True,True,True,False,False,True,False,False,True,True,True,695.33,715.6342,718.5151,639.526,14.8243,41759018.0,-0.0323,703.0023,685.2776,17.7247,738.4517,2.0,710.0323
2026-07-17,REP.MC,candidate,2026-07-16,258,blocked_by_market,10,12,83.33,"[""market_ok"", ""distance_sma50_ok""]",El filtro del mercado general bloquea nuevas entradas.,False,False,True,False,True,True,True,True,True,True,False,True,True,True,True,True,True,True,True,24.15,22.6837,22.0328,18.5165,0.6387,4313995.0,0.0961,24.2042,23.6161,0.5881,25.3803,85.0,24.4462
2026-07-17,SAN.MC,candidate,2026-07-16,258,blocked_by_market,10,12,83.33,"[""market_ok"", ""bullish_turn_ok""]",El filtro del mercado general bloquea nuevas entradas.,False,True,False,False,True,True,True,True,True,True,True,True,False,False,True,True,True,True,True,11.942,11.9185,11.2372,10.0592,0.2481,21497892.0,0.0627,12.0721,11.8032,0.2689,12.6098,185.0,12.1928
2026-07-17,SPY,market_index,,255,market_filter_failed,0,0,0.0,,Filtro de mercado general usado para permitir/bloquear nuevas entradas.,False,False,False,False,False,False,False,False,False,False,False,False,False,False,False,False,False,False,False,,,,,,,,,,,,,
2026-07-17,TSLA,candidate,2026-07-17,255,blocked_by_market,7,12,58.33,"[""market_ok"", ""close_above_sma200"", ""sma50_above_sma200"", ""pullback_ok"", ""bullish_turn_ok""]",El filtro del mercado general bloquea nuevas entradas.,False,False,False,False,True,True,True,True,False,False,True,False,False,False,False,False,True,True,True,380.84,398.6571,409.7998,417.0482,18.6479,41854732.0,-0.0707,386.0756,375.3552,10.7204,407.5164,4.0,389.9364
2026-07-20,AAPL,candidate,2026-07-20,254,blocked_by_market,10,12,83.33,"[""market_ok"", ""bullish_turn_ok""]",El filtro del mercado general bloquea nuevas entradas.,False,True,False,False,True,True,True,True,True,True,True,True,False,False,True,True,True,True,True,326.59,313.0575,303.4193,274.2438,8.3643,65668429.0,0.0764,334.0437,322.8636,11.1801,356.4039,4.0,337.3841
2026-07-20,AMZN,candidate,2026-07-20,254,blocked_by_market,9,12,75.0,"[""market_ok"", ""pullback_ok"", ""bullish_turn_ok""]",El filtro del mercado general bloquea nuevas entradas.,False,True,False,False,True,True,True,True,True,True,True,False,False,False,True,False,True,True,True,249.99,246.1567,251.633,234.2146,6.7386,59031339.0,-0.0065,253.1429,247.4461,5.6968,264.5364,8.0,255.6743
2026-07-20,BBVA.MC,candidate,2026-07-17,257,blocked_by_market,10,12,83.33,"[""market_ok"", ""bullish_turn_ok""]",El filtro del mercado general bloquea nuevas entradas.,False,True,False,False,True,True,True,True,True,True,True,True,False,False,True,True,True,True,True,22.07,21.9801,20.6783,18.9531,0.4821,8330688.0,0.0673,22.3623,21.7718,0.5906,23.5434,84.0,22.586
2026-07-20,CABK.MC,candidate,2026-07-17,257,blocked_by_market,10,12,83.33,"[""market_ok"", ""bullish_turn_ok""]",El filtro del mercado general bloquea nuevas entradas.,False,True,False,False,True,True,True,True,True,True,True,True,False,True,True,True,True,True,True,12.47,12.3906,11.8996,10.3218,0.2282,5263815.0,0.0479,12.4825,12.2072,0.2753,13.0331,181.0,12.6073
2026-07-20,FER.MC,candidate,2026-07-17,257,blocked_by_market,8,12,66.67,"[""market_ok"", ""close_above_sma200"", ""pullback_ok"", ""bullish_turn_ok""]",El filtro del mercado general bloquea nuevas entradas.,False,False,False,False,True,True,True,True,False,True,True,False,False,True,False,False,True,True,True,55.76,57.6346,58.3518,56.8371,1.0743,1069460.0,-0.0444,55.9359,55.1326,0.8033,57.5425,62.0,56.4952
2026-07-20,GOOGL,candidate,2026-07-20,254,blocked_by_market,9,12,75.0,"[""market_ok"", ""pullback_ok"", ""bullish_turn_ok""]",El filtro del mercado general bloquea nuevas entradas.,False,True,False,False,True,True,True,True,True,True,True,False,False,False,False,False,True,True,True,351.99,358.0302,369.5692,321.8828,10.7764,34362576.0,-0.0476,360.0297,349.4423,10.5873,381.2044,4.0,363.63
2026-07-20,IBE.MC,candidate,2026-07-17,257,blocked_by_market,11,12,91.67,"[""market_ok""]",El filtro del mercado general bloquea nuevas entradas.,False,True,True,False,True,True,True,True,True,True,True,True,True,True,True,True,True,True,True,21.25,20.9176,20.1013,18.6914,0.3378,11379659.0,0.0571,21.4214,20.9362,0.4852,22.3918,103.0,21.6356
2026-07-20,ITX.MC,candidate,2026-07-17,257,blocked_by_market,9,12,75.0,"[""market_ok"", ""pullback_ok"", ""bullish_turn_ok""]",El filtro del mercado general bloquea nuevas entradas.,False,True,False,False,True,True,True,True,True,True,True,False,False,False,True,False,True,True,True,53.74,54.8968,53.8614,52.1128,1.2629,1411358.0,-0.0023,54.3343,53.2737,1.0606,56.4554,47.0,54.8776
2026-07-20,IWM,candidate,2026-07-20,254,blocked_by_market,10,12,83.33,"[""market_ok"", ""bullish_turn_ok""]",El filtro del mercado general bloquea nuevas entradas.,False,True,False,False,True,True,True,True,True,True,True,True,False,False,True,True,True,True,True,292.31,294.6375,290.054,262.6724,4.1029,22921488.0,0.0078,296.286,291.7697,4.5163,305.3185,11.0,299.2488
2026-07-20,META,candidate,2026-07-20,254,blocked_by_market,10,12,83.33,"[""market_ok"", ""sma50_above_sma200""]",El filtro del mercado general bloquea nuevas entradas.,False,False,True,False,True,True,True,True,True,False,True,True,True,True,True,True,True,True,True,645.85,625.3097,604.9028,639.0762,30.4228,19962778.0,0.0677,653.9533,632.9682,20.9851,695.9234,2.0,660.4928
2026-07-20,MSFT,candidate,2026-07-20,254,blocked_by_market,8,12,66.67,"[""market_ok"", ""close_above_sma200"", ""sma50_above_sma200"", ""pullback_ok""]",El filtro del mercado general bloquea nuevas entradas.,False,False,False,False,True,True,True,True,False,False,True,False,True,True,False,False,True,True,True,402.29,390.3829,401.0986,437.296,10.9543,45252870.0,0.003,403.5832,388.5746,15.0086,433.6003,3.0,407.619
2026-07-20,NVDA,candidate,2026-07-20,254,blocked_by_market,9,12,75.0,"[""market_ok"", ""pullback_ok"", ""bullish_turn_ok""]",El filtro del mercado general bloquea nuevas entradas.,False,True,False,False,True,True,True,True,True,True,True,False,False,False,False,False,True,True,True,203.28,204.4795,209.7267,192.2833,7.2814,137332081.0,-0.0307,207.9477,201.5519,6.3959,220.7395,7.0,210.0272
2026-07-20,QQQ,candidate,2026-07-20,254,blocked_by_market,9,12,75.0,"[""market_ok"", ""pullback_ok"", ""bullish_turn_ok""]",El filtro del mercado general bloquea nuevas entradas.,False,True,False,False,True,True,True,True,True,True,True,False,False,False,False,False,True,True,True,696.06,713.77,718.5362,640.0154,14.1857,40715804.0,-0.0313,706.5058,694.0914,12.4144,731.3345,4.0,713.5708
2026-07-20,REP.MC,candidate,2026-07-17,257,blocked_by_market,9,12,75.0,"[""market_ok"", ""distance_sma50_ok"", ""pullback_ok""]",El filtro del mercado general bloquea nuevas entradas.,False,False,False,False,True,True,True,True,True,True,False,False,True,True,True,True,False,True,True,24.5,22.8567,22.0927,18.568,0.6524,4168867.0,0.109,24.7047,23.9848,0.7199,26.1445,69.0,24.9517
2026-07-20,SAN.MC,candidate,2026-07-17,257,blocked_by_market,9,12,75.0,"[""market_ok"", ""pullback_ok"", ""bullish_turn_ok""]",El filtro del mercado general bloquea nuevas entradas.,False,True,False,False,True,True,True,True,True,True,True,False,False,True,False,True,True,True,True,11.814,11.9086,11.2642,10.076,0.257,19281208.0,0.0488,11.8799,11.6323,0.2476,12.375,201.0,11.9987
2026-07-20,SPY,market_index,,254,market_filter_failed,0,0,0.0,,Filtro de mercado general usado para permitir/bloquear nuevas entradas.,False,False,False,False,False,False,False,False,False,False,False,False,False,False,False,False,False,False,False,,,,,,,,,,,,,
2026-07-20,TSLA,candidate,2026-07-20,254,blocked_by_market,7,12,58.33,"[""market_ok"", ""close_above_sma200"", ""sma50_above_sma200"", ""pullback_ok"", ""bullish_turn_ok""]",El filtro del mercado general bloquea nuevas entradas.,False,False,False,False,True,True,True,True,False,False,True,False,False,False,False,False,True,True,True,369.57,395.8869,409.2166,416.6724,17.4404,40648122.0,-0.0969,386.8765,367.681,19.1955,425.2675,2.0,390.7452
2026-07-21,AAPL,candidate,2026-07-21,254,valid_signal,12,12,100.0,[],Cumple todos los filtros y genera señal operable.,True,True,True,True,True,True,True,True,True,True,True,True,True,True,True,True,True,True,True,327.74,314.4558,304.2306,274.6089,8.2328,65589251.0,0.0773,329.9296,321.3971,8.5325,346.9946,5.0,333.2289
2026-07-21,AMZN,candidate,2026-07-21,254,trend_only,10,12,83.33,"[""pullback_ok"", ""bullish_turn_ok""]","Cumple tendencia, pero todavía no hay retroceso/vela señal válida.",True,True,False,False,True,True,True,True,True,True,True,False,False,False,True,False,True,True,True,247.55,246.2894,251.1606,234.3492,6.66,56989306.0,-0.0144,249.5893,246.054,3.5353,256.66,14.0,252.0852
2026-07-21,BBVA.MC,candidate,2026-07-20,257,valid_signal,12,12,100.0,[],Cumple todos los filtros y genera señal operable.,True,True,True,True,True,True,True,True,True,True,True,True,True,True,True,True,True,True,True,22.22,22.0029,20.7475,18.9861,0.4807,8031697.0,0.071,22.3223,21.8719,0.4504,23.223,111.0,22.5455
2026-07-21,CABK.MC,candidate,2026-07-20,257,valid_signal,12,12,100.0,[],Cumple todos los filtros y genera señal operable.,True,True,True,True,True,True,True,True,True,True,True,True,True,True,True,True,True,True,True,12.495,12.4005,11.9347,10.3414,0.2296,5286310.0,0.0469,12.5826,12.342,0.2405,13.0636,207.0,12.7084
2026-07-21,FER.MC,candidate,2026-07-20,257,rejected,9,12,75.0,"[""close_above_sma200"", ""pullback_ok"", ""bullish_turn_ok""]",No cumple los filtros mínimos de tendencia/liquidez/precio.,True,False,False,False,True,True,True,True,False,True,True,False,False,False,False,False,True,True,True,55.7,57.4503,58.282,56.8678,1.0771,1003393.0,-0.0443,56.3763,55.3323,1.044,58.4644,47.0,56.9401
2026-07-21,GOOGL,candidate,2026-07-21,254,trend_only,10,12,83.33,"[""pullback_ok"", ""bullish_turn_ok""]","Cumple tendencia, pero todavía no hay retroceso/vela señal válida.",True,True,False,False,True,True,True,True,True,True,True,False,False,False,False,False,True,True,True,347.15,356.994,368.5572,322.3964,10.545,32846211.0,-0.0581,351.4912,345.9655,5.5257,362.5425,9.0,355.0061
2026-07-21,IBE.MC,candidate,2026-07-20,257,valid_signal,12,12,100.0,[],Cumple todos los filtros y genera señal operable.,True,True,True,True,True,True,True,True,True,True,True,True,True,True,True,True,True,True,True,21.28,20.9521,20.1425,18.7196,0.3339,11451034.0,0.0565,21.3814,21.1166,0.2647,21.9109,188.0,21.5952
2026-07-21,ITX.MC,candidate,2026-07-20,257,trend_only,10,12,83.33,"[""pullback_ok"", ""bullish_turn_ok""]","Cumple tendencia, pero todavía no hay retroceso/vela señal válida.",True,True,False,False,True,True,True,True,True,True,True,False,False,False,True,False,True,True,True,53.44,54.758,53.9318,52.1464,1.2586,1402926.0,-0.0091,54.034,53.0541,0.9798,55.9937,51.0,54.5743
2026-07-21,IWM,candidate,2026-07-21,254,valid_signal,12,12,100.0,[],Cumple todos los filtros y genera señal operable.,True,True,True,True,True,True,True,True,True,True,True,True,True,True,True,True,True,True,True,296.54,294.8187,290.3529,262.9517,4.1671,22590866.0,0.0213,297.0467,292.2733,4.7735,306.5937,10.0,300.0172
2026-07-21,META,candidate,2026-07-21,254,rejected,10,12,83.33,"[""sma50_above_sma200"", ""bullish_turn_ok""]",No cumple los filtros mínimos de tendencia/liquidez/precio.,True,False,False,False,True,True,True,True,True,False,True,True,False,False,True,True,True,True,True,643.81,627.0716,605.4542,638.7179,30.3207,19630023.0,0.0634,656.5359,640.1679,16.3679,689.2718,3.0,663.1012
2026-07-21,MSFT,candidate,2026-07-21,254,rejected,8,12,66.67,"[""close_above_sma200"", ""sma50_above_sma200"", ""pullback_ok"", ""bullish_turn_ok""]",No cumple los filtros mínimos de tendencia/liquidez/precio.,True,False,False,False,True,True,True,True,False,False,True,False,False,False,False,False,True,True,True,397.75,391.0845,400.6564,436.7025,10.9036,44203836.0,-0.0073,401.8715,395.2297,6.6418,415.1551,7.0,405.8902
2026-07-21,NVDA,candidate,2026-07-21,254,almost_valid,11,12,91.67,"[""pullback_ok""]","Tiene tendencia y parte del setup, pero le falta alguna condición final.",True,True,False,False,True,True,True,True,True,True,True,False,True,True,False,False,True,True,True,207.29,204.7471,209.6474,192.3848,7.2607,136675059.0,-0.0112,208.8586,203.284,5.5746,220.0079,8.0,210.9472
2026-07-21,QQQ,candidate,2026-07-21,254,almost_valid,11,12,91.67,"[""pullback_ok""]","Tiene tendencia y parte del setup, pero le falta alguna condición final.",True,True,False,False,True,True,True,True,True,True,True,False,True,True,False,False,True,True,True,708.97,713.3129,718.832,640.555,14.2057,40234434.0,-0.0137,710.76,701.3894,9.3706,729.5013,5.0,717.8676
2026-07-21,REP.MC,candidate,2026-07-20,257,rejected,10,12,83.33,"[""distance_sma50_ok"", ""pullback_ok""]",No cumple los filtros mínimos de tendencia/liquidez/precio.,True,False,False,False,True,True,True,True,True,True,False,False,True,True,True,True,False,True,True,24.85,23.0465,22.1541,18.6211,0.6568,4081838.0,0.1217,25.045,24.4143,0.6307,26.3064,79.0,25.2955
2026-07-21,SAN.MC,candidate,2026-07-20,257,almost_valid,11,12,91.67,"[""bullish_turn_ok""]","Tiene tendencia y parte del setup, pero le falta alguna condición final.",True,True,False,False,True,True,True,True,True,True,True,True,False,False,True,True,True,True,True,11.752,11.8936,11.2909,10.0921,0.251,18783305.0,0.0408,11.8759,11.6869,0.189,12.2538,264.0,11.9946
2026-07-21,SPY,market_index,,254,market_ok,0,0,0.0,,Filtro de mercado general usado para permitir/bloquear nuevas entradas.,True,False,False,False,False,False,False,False,False,False,False,False,False,False,False,False,False,False,False,,,,,,,,,,,,,
2026-07-21,TSLA,candidate,2026-07-21,254,rejected,9,12,75.0,"[""close_above_sma200"", ""sma50_above_sma200"", ""pullback_ok""]",No cumple los filtros mínimos de tendencia/liquidez/precio.,True,False,False,False,True,True,True,True,False,False,True,False,True,True,False,False,True,True,True,378.93,394.2719,408.5594,416.2698,17.16,39868439.0,-0.0725,384.4541,368.274,16.1801,416.8143,3.0,388.2986
2026-07-22,AAPL,candidate,2026-07-22,254,almost_valid,11,12,91.67,"[""bullish_turn_ok""]","Tiene tendencia y parte del setup, pero le falta alguna condición final.",True,True,False,False,True,True,True,True,True,True,True,True,False,False,True,True,True,True,True,325.89,315.5448,304.8874,274.9563,8.1093,64945815.0,0.0689,329.3285,322.5291,6.7994,342.9274,7.0,332.6218
2026-07-22,AMZN,candidate,2026-07-22,254,trend_only,10,12,83.33,"[""pullback_ok"", ""bullish_turn_ok""]","Cumple tendencia, pero todavía no hay retroceso/vela señal válida.",True,True,False,False,True,True,True,True,True,True,True,False,False,False,True,False,True,True,True,244.85,246.1523,250.604,234.4614,6.3957,55724068.0,-0.023,248.6984,241.8104,6.888,262.4745,7.0,251.1854
2026-07-22,BBVA.MC,candidate,2026-07-21,257,rejected,11,12,91.67,"[""distance_sma50_ok""]",No cumple los filtros mínimos de tendencia/liquidez/precio.,True,False,True,False,True,True,True,True,True,True,False,True,True,True,True,True,True,True,True,22.57,22.0569,20.8283,19.0221,0.4836,7960618.0,0.0836,22.6326,22.1816,0.451,23.5345,110.0,22.8589
2026-07-22,CABK.MC,candidate,2026-07-21,257,valid_signal,12,12,100.0,[],Cumple todos los filtros y genera señal operable.,True,True,True,True,True,True,True,True,True,True,True,True,True,True,True,True,True,True,True,12.91,12.449,11.98,10.3634,0.245,5387867.0,0.0776,12.9529,12.5405,0.4124,13.7778,121.0,13.0825
2026-07-22,FER.MC,candidate,2026-07-21,257,rejected,9,12,75.0,"[""close_above_sma200"", ""pullback_ok"", ""bullish_turn_ok""]",No cumple los filtros mínimos de tendencia/liquidez/precio.,True,False,False,False,True,True,True,True,False,True,True,False,False,False,False,False,True,True,True,55.76,57.2893,58.2428,56.8968,1.0471,998683.0,-0.0426,56.3163,55.3953,0.921,58.1582,54.0,56.8794
2026-07-22,GOOGL,candidate,2026-07-22,254,trend_only,10,12,83.33,"[""pullback_ok"", ""bullish_turn_ok""]","Cumple tendencia, pero todavía no hay retroceso/vela señal válida.",True,True,False,False,True,True,True,True,True,True,True,False,False,False,False,False,True,True,True,342.09,355.5746,367.3878,322.8808,10.6657,32752435.0,-0.0689,350.2899,340.6634,9.6265,369.5429,5.0,353.7928
2026-07-22,IBE.MC,candidate,2026-07-21,257,almost_valid,11,12,91.67,"[""bullish_turn_ok""]","Tiene tendencia y parte del setup, pero le falta alguna condición final.",True,True,False,False,True,True,True,True,True,True,True,True,False,False,True,True,True,True,True,21.32,20.9871,20.1879,18.7477,0.3118,11349598.0,0.0561,21.4614,21.1788,0.2826,22.0267,176.0,21.6761
2026-07-22,ITX.MC,candidate,2026-07-21,257,almost_valid,11,12,91.67,"[""pullback_ok""]","Tiene tendencia y parte del setup, pero le falta alguna condición final.",True,True,False,False,True,True,True,True,True,True,True,False,True,True,False,False,True,True,True,54.1,54.6954,54.0442,52.1833,1.25,1417320.0,0.001,54.1741,52.975,1.1991,56.5724,41.0,54.7159
2026-07-22,IWM,candidate,2026-07-22,254,almost_valid,11,12,91.67,"[""bullish_turn_ok""]","Tiene tendencia y parte del setup, pero le falta alguna condición final.",True,True,False,False,True,True,True,True,True,True,True,True,False,False,True,True,True,True,True,293.79,294.7207,290.5588,263.2097,4.1193,22294936.0,0.0111,296.7264,292.9981,3.7283,304.1831,13.0,299.6937
2026-07-22,META,candidate,2026-07-22,254,rejected,9,12,75.0,"[""close_above_sma200"", ""sma50_above_sma200"", ""bullish_turn_ok""]",No cumple los filtros mínimos de tendencia/liquidez/precio.,True,False,False,False,True,True,True,True,False,False,True,True,False,False,True,True,True,True,True,627.17,627.081,605.8163,638.2279,27.4641,19542647.0,0.0352,649.647,621.2536,28.3934,706.4338,1.0,656.1435
2026-07-22,MSFT,candidate,2026-07-22,254,rejected,8,12,66.67,"[""close_above_sma200"", ""sma50_above_sma200"", ""pullback_ok"", ""bullish_turn_ok""]",No cumple los filtros mínimos de tendencia/liquidez/precio.,True,False,False,False,True,True,True,True,False,False,True,False,False,False,True,False,True,True,True,390.34,391.0136,400.1787,436.0917,10.7764,43570097.0,-0.0246,401.401,385.8924,15.5086,432.4183,3.0,405.415
2026-07-22,NVDA,candidate,2026-07-22,254,almost_valid,11,12,91.67,"[""pullback_ok""]","Tiene tendencia y parte del setup, pero le falta alguna condición final.",True,True,False,False,True,True,True,True,True,True,True,False,True,True,False,False,True,True,True,212.06,205.4436,209.5897,192.5018,7.4607,135432182.0,0.0118,214.6044,204.2039,10.4005,235.4053,4.0,216.7504
2026-07-22,QQQ,candidate,2026-07-22,254,trend_only,10,12,83.33,"[""pullback_ok"", ""bullish_turn_ok""]","Cumple tendencia, pero todavía no hay retroceso/vela señal válida.",True,True,False,False,True,True,True,True,True,True,True,False,False,False,False,False,True,True,True,705.35,712.5545,718.73,641.0641,13.7919,38746208.0,-0.0186,710.3569,702.2608,8.0961,726.5491,6.0,717.4605
2026-07-22,REP.MC,candidate,2026-07-21,257,rejected,11,12,91.67,"[""distance_sma50_ok""]",No cumple los filtros mínimos de tendencia/liquidez/precio.,True,False,True,False,True,True,True,True,True,True,False,True,True,True,True,True,True,True,True,24.9,23.223,22.2126,18.6734,0.6489,4060729.0,0.121,25.035,24.6951,0.3399,25.7148,147.0,25.2854
2026-07-22,SAN.MC,candidate,2026-07-21,257,valid_signal,12,12,100.0,[],Cumple todos los filtros y genera señal operable.,True,True,True,True,True,True,True,True,True,True,True,True,True,True,True,True,True,True,True,11.906,11.8948,11.325,10.1092,0.2479,18861098.0,0.0513,11.9179,11.7172,0.2007,12.3193,249.0,12.0371
2026-07-22,SPY,market_index,,254,market_ok,0,0,0.0,,Filtro de mercado general usado para permitir/bloquear nuevas entradas.,True,False,False,False,False,False,False,False,False,False,False,False,False,False,False,False,False,False,False,,,,,,,,,,,,,
2026-07-22,TSLA,candidate,2026-07-22,254,rejected,8,12,66.67,"[""close_above_sma200"", ""sma50_above_sma200"", ""pullback_ok"", ""bullish_turn_ok""]",No cumple los filtros mínimos de tendencia/liquidez/precio.,True,False,False,False,True,True,True,True,False,False,True,False,False,False,False,False,True,True,True,374.01,392.3422,407.4726,415.9599,16.6243,38801638.0,-0.0821,380.5502,371.2376,9.3126,399.1754,5.0,384.3557
2026-07-23,AAPL,candidate,2026-07-23,254,blocked_by_market,10,12,83.33,"[""market_ok"", ""bullish_turn_ok""]",El filtro del mercado general bloquea nuevas entradas.,False,True,False,False,True,True,True,True,True,True,True,True,False,True,True,True,True,True,True,321.66,316.1272,305.467,275.2782,7.4521,64339081.0,0.053,323.6233,318.6048,5.0185,333.6603,9.0,326.8595
2026-07-23,AMZN,candidate,2026-07-23,254,blocked_by_market,8,12,66.67,"[""market_ok"", ""close_above_sma200"", ""pullback_ok"", ""bullish_turn_ok""]",El filtro del mercado general bloquea nuevas entradas.,False,False,False,False,True,True,True,True,False,True,True,False,False,False,False,False,True,True,True,233.66,244.9625,249.8974,234.5322,6.907,54625169.0,-0.065,238.5882,231.3609,7.2273,253.0429,6.0,240.9741
2026-07-23,BBVA.MC,candidate,2026-07-22,257,blocked_by_market,10,12,83.33,"[""market_ok"", ""distance_sma50_ok""]",El filtro del mercado general bloquea nuevas entradas.,False,False,True,False,True,True,True,True,True,True,False,True,True,True,True,True,True,True,True,22.94,22.141,20.9142,19.0605,0.4743,7674909.0,0.0969,23.1431,22.5226,0.6205,24.3842,80.0,23.3746
2026-07-23,CABK.MC,candidate,2026-07-22,257,blocked_by_market,9,12,75.0,"[""market_ok"", ""distance_sma50_ok"", ""pullback_ok""]",El filtro del mercado general bloquea nuevas entradas.,False,False,False,False,True,True,True,True,True,True,False,False,True,True,True,True,False,True,True,13.08,12.5091,12.0269,10.3865,0.2496,5312879.0,0.0876,13.1782,12.785,0.3931,13.9644,127.0,13.3099
2026-07-23,FER.MC,candidate,2026-07-22,257,blocked_by_market,9,12,75.0,"[""market_ok"", ""close_above_sma200"", ""pullback_ok""]",El filtro del mercado general bloquea nuevas entradas.,False,False,False,False,True,True,True,True,False,True,True,False,True,True,False,False,True,True,True,56.18,57.1837,58.2215,56.9249,0.9971,756603.0,-0.0351,56.2762,55.2603,1.0159,58.3081,49.0,56.839
2026-07-23,GOOGL,candidate,2026-07-23,254,blocked_by_market,8,12,66.67,"[""market_ok"", ""close_above_sma200"", ""pullback_ok"", ""bullish_turn_ok""]",El filtro del mercado general bloquea nuevas entradas.,False,False,False,False,True,True,True,True,False,True,True,False,False,False,False,False,True,True,True,317.69,351.9665,365.9734,323.2449,11.8364,34367558.0,-0.1319,324.8145,313.7264,11.0881,346.9907,4.0,328.0626
2026-07-23,IBE.MC,candidate,2026-07-22,257,blocked_by_market,11,12,91.67,"[""market_ok""]",El filtro del mercado general bloquea nuevas entradas.,False,True,True,False,True,True,True,True,True,True,True,True,True,True,True,True,True,True,True,21.27,21.0141,20.2297,18.775,0.3423,11263131.0,0.0514,21.4715,20.6458,0.8257,23.1228,60.0,21.6862
2026-07-23,ITX.MC,candidate,2026-07-22,257,blocked_by_market,10,12,83.33,"[""market_ok"", ""pullback_ok""]",El filtro del mercado general bloquea nuevas entradas.,False,True,False,False,True,True,True,True,True,True,True,False,True,True,False,False,True,True,True,54.6,54.6863,54.1552,52.2208,1.2329,1409947.0,0.0082,54.8348,53.5967,1.2381,57.3109,40.0,55.3831
2026-07-23,IWM,candidate,2026-07-23,254,blocked_by_market,10,12,83.33,"[""market_ok"", ""bullish_turn_ok""]",El filtro del mercado general bloquea nuevas entradas.,False,True,False,False,True,True,True,True,True,True,True,True,False,True,True,True,True,True,True,292.09,294.4702,290.7076,263.4502,3.86,22263693.0,0.0048,293.303,289.784,3.519,300.341,14.0,296.236
2026-07-23,META,candidate,2026-07-23,254,blocked_by_market,8,12,66.67,"[""market_ok"", ""close_above_sma200"", ""sma50_above_sma200"", ""bullish_turn_ok""]",El filtro del mercado general bloquea nuevas entradas.,False,False,False,False,True,True,True,True,False,False,True,True,False,True,True,True,True,True,True,606.1,625.0828,605.9722,637.7148,27.2829,19637822.0,0.0002,615.2496,594.4917,20.758,656.7656,2.0,621.4021
2026-07-23,MSFT,candidate,2026-07-23,254,blocked_by_market,7,12,58.33,"[""market_ok"", ""close_above_sma200"", ""sma50_above_sma200"", ""pullback_ok"", ""bullish_turn_ok""]",El filtro del mercado general bloquea nuevas entradas.,False,False,False,False,True,True,True,True,False,False,True,False,False,False,False,False,True,True,True,381.58,390.1152,399.575,435.4292,11.1971,42875064.0,-0.045,392.1718,376.2803,15.8915,423.9548,3.0,396.0935
2026-07-23,NVDA,candidate,2026-07-23,254,blocked_by_market,9,12,75.0,"[""market_ok"", ""pullback_ok"", ""bullish_turn_ok""]",El filtro del mercado general bloquea nuevas entradas.,False,True,False,False,True,True,True,True,True,True,True,False,False,True,False,False,True,True,True,208.76,205.7594,209.3812,192.6087,7.3457,133816730.0,-0.003,211.0796,205.2254,5.8541,222.7878,8.0,213.1904
2026-07-23,QQQ,candidate,2026-07-23,254,blocked_by_market,9,12,75.0,"[""market_ok"", ""pullback_ok"", ""bullish_turn_ok""]",El filtro del mercado general bloquea nuevas entradas.,False,True,False,False,True,True,True,True,True,True,True,False,False,False,False,False,True,True,True,691.96,710.5931,718.3191,641.519,13.385,38329477.0,-0.0367,699.3586,686.4615,12.8971,725.1529,3.0,706.3522
2026-07-23,REP.MC,candidate,2026-07-22,257,blocked_by_market,10,12,83.33,"[""market_ok"", ""distance_sma50_ok""]",El filtro del mercado general bloquea nuevas entradas.,False,False,True,False,True,True,True,True,True,True,False,True,True,True,True,True,True,True,True,25.48,23.438,22.2833,18.7302,0.6298,4036992.0,0.1435,25.5555,24.837,0.7185,26.9926,69.0,25.8111
2026-07-23,SAN.MC,candidate,2026-07-22,257,blocked_by_market,10,12,83.33,"[""market_ok"", ""pullback_ok""]",El filtro del mercado general bloquea nuevas entradas.,False,True,False,False,True,True,True,True,True,True,True,False,True,True,False,True,True,True,True,12.078,11.9123,11.361,10.1277,0.2594,20893726.0,0.0631,12.2222,11.6821,0.5402,13.3025,92.0,12.3444
2026-07-23,SPY,market_index,,254,market_filter_failed,0,0,0.0,,Filtro de mercado general usado para permitir/bloquear nuevas entradas.,False,False,False,False,False,False,False,False,False,False,False,False,False,False,False,False,False,False,False,,,,,,,,,,,,,
2026-07-23,TSLA,candidate,2026-07-23,254,blocked_by_market,7,12,58.33,"[""market_ok"", ""close_above_sma200"", ""sma50_above_sma200"", ""pullback_ok"", ""bullish_turn_ok""]",El filtro del mercado general bloquea nuevas entradas.,False,False,False,False,True,True,True,True,False,False,True,False,False,False,False,False,True,True,True,319.69,385.423,404.9664,415.4092,17.7118,42857293.0,-0.2106,342.2018,313.9638,28.238,398.6779,1.0,345.6239
2026-07-24,AAPL,candidate,2026-07-24,255,blocked_by_market,10,12,83.33,"[""market_ok"", ""distance_sma50_ok""]",El filtro del mercado general bloquea nuevas entradas.,False,False,True,False,True,True,True,True,True,True,False,True,True,True,True,True,True,True,True,333.02,317.736,306.2314,275.6634,7.8486,61360785.0,0.0875,334.7044,320.8351,13.8692,362.4428,3.0,338.0514
2026-07-24,AMZN,candidate,2026-07-24,255,blocked_by_market,8,12,66.67,"[""market_ok"", ""close_above_sma200"", ""pullback_ok"", ""bullish_turn_ok""]",El filtro del mercado general bloquea nuevas entradas.,False,False,False,False,True,True,True,True,False,True,True,False,False,False,False,False,True,True,True,232.11,243.7385,249.2232,234.5882,6.7957,52438611.0,-0.0687,235.1849,230.6704,4.5145,244.214,11.0,237.5368
2026-07-24,BBVA.MC,candidate,2026-07-23,258,blocked_by_market,10,12,83.33,"[""market_ok"", ""bullish_turn_ok""]",El filtro del mercado general bloquea nuevas entradas.,False,True,False,False,True,True,True,True,True,True,True,True,False,False,True,True,True,True,True,22.29,22.1552,20.9807,19.0942,0.505,7702368.0,0.0624,22.993,22.1895,0.8035,24.5999,62.0,23.2229
2026-07-24,CABK.MC,candidate,2026-07-23,258,blocked_by_market,10,12,83.33,"[""market_ok"", ""bullish_turn_ok""]",El filtro del mercado general bloquea nuevas entradas.,False,True,False,False,True,True,True,True,True,True,True,True,False,False,True,True,True,True,True,12.905,12.5468,12.0655,10.4079,0.2604,5372586.0,0.0696,13.1431,12.834,0.3092,13.7615,161.0,13.2746
2026-07-24,FER.MC,candidate,2026-07-23,258,blocked_by_market,8,12,66.67,"[""market_ok"", ""close_above_sma200"", ""pullback_ok"", ""bullish_turn_ok""]",El filtro del mercado general bloquea nuevas entradas.,False,False,False,False,True,True,True,True,False,True,True,False,False,False,False,False,True,True,True,55.52,57.0252,58.1672,56.948,1.0129,719207.0,-0.0455,56.1361,55.0387,1.0974,58.3308,45.0,56.6974
2026-07-24,GOOGL,candidate,2026-07-24,255,blocked_by_market,8,12,66.67,"[""market_ok"", ""close_above_sma200"", ""pullback_ok"", ""bullish_turn_ok""]",El filtro del mercado general bloquea nuevas entradas.,False,False,False,False,True,True,True,True,False,True,True,False,False,False,False,False,True,True,True,319.74,348.8973,364.6258,323.5939,11.5729,33726523.0,-0.1231,324.5042,316.1727,8.3315,341.1671,6.0,327.7492
2026-07-24,IBE.MC,candidate,2026-07-23,258,blocked_by_market,10,12,83.33,"[""market_ok"", ""bullish_turn_ok""]",El filtro del mercado general bloquea nuevas entradas.,False,True,False,False,True,True,True,True,True,True,True,True,False,False,True,True,True,True,True,21.06,21.0185,20.2673,18.8009,0.3364,11120024.0,0.0391,21.2813,20.9064,0.3749,22.0311,133.0,21.4941
2026-07-24,ITX.MC,candidate,2026-07-23,258,blocked_by_market,9,12,75.0,"[""market_ok"", ""pullback_ok"", ""bullish_turn_ok""]",El filtro del mercado general bloquea nuevas entradas.,False,True,False,False,True,True,True,True,True,True,True,False,False,False,False,False,True,True,True,53.86,54.6076,54.2472,52.2578,1.24,1386351.0,-0.0071,54.9749,53.576,1.3989,57.7728,35.0,55.5247
2026-07-24,IWM,candidate,2026-07-24,255,blocked_by_market,10,12,83.33,"[""market_ok"", ""bullish_turn_ok""]",El filtro del mercado general bloquea nuevas entradas.,False,True,False,False,True,True,True,True,True,True,True,True,False,False,True,True,True,True,True,291.17,294.1559,290.893,263.6812,3.9071,21871342.0,0.001,294.264,290.0893,4.1747,302.6133,11.0,297.2066
2026-07-24,META,candidate,2026-07-24,255,blocked_by_market,7,12,58.33,"[""market_ok"", ""close_above_sma200"", ""sma50_above_sma200"", ""pullback_ok"", ""bullish_turn_ok""]",El filtro del mercado general bloquea nuevas entradas.,False,False,False,False,True,True,True,True,False,False,True,False,False,False,True,False,True,True,True,595.19,622.2358,605.8271,637.1217,26.8229,19356424.0,-0.0176,610.59,591.9177,18.6723,647.9345,2.0,616.6959
2026-07-24,MSFT,candidate,2026-07-24,255,blocked_by_market,7,12,58.33,"[""market_ok"", ""close_above_sma200"", ""sma50_above_sma200"", ""pullback_ok"", ""bullish_turn_ok""]",El filtro del mercado general bloquea nuevas entradas.,False,False,False,False,True,True,True,True,False,False,True,False,False,False,False,False,True,True,True,381.7,389.3137,399.0712,434.7115,11.1343,40947045.0,-0.0435,389.419,379.5366,9.8825,409.184,5.0,393.3132
2026-07-24,NVDA,candidate,2026-07-24,255,blocked_by_market,9,12,75.0,"[""market_ok"", ""pullback_ok"", ""bullish_turn_ok""]",El filtro del mercado general bloquea nuevas entradas.,False,True,False,False,True,True,True,True,True,True,True,False,False,False,False,False,True,True,True,206.84,205.8623,209.1075,192.7164,7.5986,131905086.0,-0.0108,212.1218,204.0501,8.0717,228.2651,6.0,214.243
2026-07-24,QQQ,candidate,2026-07-24,255,blocked_by_market,9,12,75.0,"[""market_ok"", ""pullback_ok"", ""bullish_turn_ok""]",El filtro del mercado general bloquea nuevas entradas.,False,True,False,False,True,True,True,True,True,True,True,False,False,False,False,False,True,True,True,684.23,708.0823,717.8744,641.9126,13.1479,37859786.0,-0.0469,693.3226,681.1652,12.1574,717.6375,4.0,700.2559
2026-07-24,REP.MC,candidate,2026-07-23,258,blocked_by_market,9,12,75.0,"[""market_ok"", ""distance_sma50_ok"", ""pullback_ok""]",El filtro del mercado general bloquea nuevas entradas.,False,False,False,False,True,True,True,True,True,True,False,False,True,True,True,True,False,True,True,26.41,23.721,22.3759,18.7918,0.6714,3991236.0,0.1803,26.5866,25.5729,1.0137,28.614,49.0,26.8524
2026-07-24,SAN.MC,candidate,2026-07-23,258,blocked_by_market,10,12,83.33,"[""market_ok"", ""bullish_turn_ok""]",El filtro del mercado general bloquea nuevas entradas.,False,True,False,False,True,True,True,True,True,True,True,True,False,False,True,True,True,True,True,11.612,11.8837,11.3883,10.143,0.2936,21399573.0,0.0196,12.2082,11.5466,0.6616,13.5313,75.0,12.3303
2026-07-24,SPY,market_index,,255,market_filter_failed,0,0,0.0,,Filtro de mercado general usado para permitir/bloquear nuevas entradas.,False,False,False,False,False,False,False,False,False,False,False,False,False,False,False,False,False,False,False,,,,,,,,,,,,,
2026-07-24,TSLA,candidate,2026-07-24,255,blocked_by_market,7,12,58.33,"[""market_ok"", ""close_above_sma200"", ""sma50_above_sma200"", ""pullback_ok"", ""bullish_turn_ok""]",El filtro del mercado general bloquea nuevas entradas.,False,False,False,False,True,True,True,True,False,False,True,False,False,False,False,False,True,True,True,313.03,378.5284,402.558,414.7081,16.7793,44487206.0,-0.2224,323.283,304.8321,18.4509,360.1847,2.0,326.5158
2026-07-27,AAPL,candidate,2026-07-27,253,blocked_by_market,10,12,83.33,"[""market_ok"", ""distance_sma50_ok""]",El filtro del mercado general bloquea nuevas entradas.,False,False,True,False,True,True,True,True,True,True,False,True,True,True,True,True,True,True,True,336.91,318.1065,306.3092,275.6829,8.2171,61253019.0,0.0999,339.9096,333.1983,6.7113,353.3322,7.0,343.3087
2026-07-27,AMZN,candidate,2026-07-27,253,blocked_by_market,8,12,66.67,"[""market_ok"", ""close_above_sma200"", ""pullback_ok"", ""bullish_turn_ok""]",El filtro del mercado general bloquea nuevas entradas.,False,False,False,False,True,True,True,True,False,True,True,False,False,False,False,False,True,True,True,231.39,243.6699,249.2088,234.5846,6.8886,52491730.0,-0.0715,236.1259,230.3011,5.8247,247.7754,8.0,238.4871
2026-07-27,BBVA.MC,candidate,2026-07-24,257,blocked_by_market,10,12,83.33,"[""market_ok"", ""distance_sma50_ok""]",El filtro del mercado general bloquea nuevas entradas.,False,False,True,False,True,True,True,True,True,True,False,True,True,True,True,True,True,True,True,22.86,22.2223,21.0604,19.1321,0.5221,7656642.0,0.0854,22.8929,22.2978,0.5951,24.083,84.0,23.1218
2026-07-27,CABK.MC,candidate,2026-07-24,257,blocked_by_market,9,12,75.0,"[""market_ok"", ""distance_sma50_ok"", ""pullback_ok""]",El filtro del mercado general bloquea nuevas entradas.,False,False,False,False,True,True,True,True,True,True,False,False,True,True,True,True,False,True,True,13.3,12.6186,12.1124,10.4315,0.2821,5637520.0,0.098,13.3283,12.8768,0.4515,14.2314,110.0,13.4616
2026-07-27,FER.MC,candidate,2026-07-24,257,blocked_by_market,9,12,75.0,"[""market_ok"", ""close_above_sma200"", ""pullback_ok""]",El filtro del mercado general bloquea nuevas entradas.,False,False,False,False,True,True,True,True,False,True,True,False,True,True,False,False,True,True,True,55.7,56.899,58.1312,56.9736,0.98,699692.0,-0.0418,55.9559,55.182,0.7739,57.5037,64.0,56.5155
2026-07-27,GOOGL,candidate,2026-07-27,253,blocked_by_market,9,12,75.0,"[""market_ok"", ""pullback_ok"", ""bullish_turn_ok""]",El filtro del mercado general bloquea nuevas entradas.,False,True,False,False,True,True,True,True,True,True,True,False,False,False,False,False,True,True,True,326.56,349.5468,364.7622,323.628,11.9929,33578204.0,-0.1047,330.7503,323.2607,7.4896,345.7295,6.0,334.0578
2026-07-27,IBE.MC,candidate,2026-07-24,257,blocked_by_market,11,12,91.67,"[""market_ok""]",El filtro del mercado general bloquea nuevas entradas.,False,True,True,False,True,True,True,True,True,True,True,True,True,True,True,True,True,True,True,21.21,21.0367,20.3151,18.8272,0.3136,10757119.0,0.0441,21.3113,21.0286,0.2826,21.8766,176.0,21.5244
2026-07-27,ITX.MC,candidate,2026-07-24,257,blocked_by_market,10,12,83.33,"[""market_ok"", ""pullback_ok""]",El filtro del mercado general bloquea nuevas entradas.,False,True,False,False,True,True,True,True,True,True,True,False,True,True,False,False,True,True,True,54.46,54.5935,54.3468,52.3015,1.1929,1378162.0,0.0021,54.6546,53.4007,1.2539,57.1624,39.0,55.2011
2026-07-27,IWM,candidate,2026-07-27,253,blocked_by_market,10,12,83.33,"[""market_ok"", ""bullish_turn_ok""]",El filtro del mercado general bloquea nuevas entradas.,False,True,False,False,True,True,True,True,True,True,True,True,False,False,True,True,True,True,True,292.91,294.3216,290.9278,263.6899,3.9721,21836088.0,0.0068,295.8055,290.7129,5.0926,305.9908,9.0,298.7636
2026-07-27,META,candidate,2026-07-27,253,blocked_by_market,7,12,58.33,"[""market_ok"", ""close_above_sma200"", ""sma50_above_sma200"", ""pullback_ok"", ""bullish_turn_ok""]",El filtro del mercado general bloquea nuevas entradas.,False,False,False,False,True,True,True,True,False,False,True,False,False,False,False,False,True,True,True,593.87,622.1101,605.8007,637.1151,27.0179,19346237.0,-0.0197,611.8713,590.4482,21.423,654.7173,2.0,617.99
2026-07-27,MSFT,candidate,2026-07-27,253,blocked_by_market,7,12,58.33,"[""market_ok"", ""close_above_sma200"", ""sma50_above_sma200"", ""pullback_ok"", ""bullish_turn_ok""]",El filtro del mercado general bloquea nuevas entradas.,False,False,False,False,True,True,True,True,False,False,True,False,False,False,False,False,True,True,True,389.1,390.0185,399.2192,434.7485,11.4371,40957503.0,-0.0253,394.5942,386.8463,7.7479,410.0901,6.0,398.5402
2026-07-27,NVDA,candidate,2026-07-27,253,blocked_by_market,9,12,75.0,"[""market_ok"", ""pullback_ok"", ""bullish_turn_ok""]",El filtro del mercado general bloquea nuevas entradas.,False,True,False,False,True,True,True,True,True,True,True,False,False,False,False,False,True,True,True,196.51,204.8785,208.9009,192.6648,8.0429,134033424.0,-0.0593,208.9587,194.6357,14.323,237.6048,3.0,211.0483
2026-07-27,QQQ,candidate,2026-07-27,253,blocked_by_market,9,12,75.0,"[""market_ok"", ""pullback_ok"", ""bullish_turn_ok""]",El filtro del mercado general bloquea nuevas entradas.,False,True,False,False,True,True,True,True,True,True,True,False,False,False,False,False,True,True,True,682.12,707.8814,717.8322,641.9021,13.5896,37985214.0,-0.0498,692.9723,674.586,18.3863,729.7448,2.0,699.902
2026-07-27,REP.MC,candidate,2026-07-24,257,blocked_by_market,9,12,75.0,"[""market_ok"", ""distance_sma50_ok"", ""bullish_turn_ok""]",El filtro del mercado general bloquea nuevas entradas.,False,False,False,False,True,True,True,True,True,True,False,True,False,False,True,True,True,True,True,25.82,23.9209,22.4521,18.852,0.7064,4154615.0,0.15,26.4865,25.4094,1.0771,28.6407,46.0,26.7513
2026-07-27,SAN.MC,candidate,2026-07-24,257,blocked_by_market,11,12,91.67,"[""market_ok""]",El filtro del mercado general bloquea nuevas entradas.,False,True,True,False,True,True,True,True,True,True,True,True,True,True,True,True,True,True,True,11.98,11.8928,11.4243,10.1608,0.3103,21720730.0,0.0486,11.992,11.593,0.399,12.79,125.0,12.1119
2026-07-27,SPY,market_index,,253,market_filter_failed,0,0,0.0,,Filtro de mercado general usado para permitir/bloquear nuevas entradas.,False,False,False,False,False,False,False,False,False,False,False,False,False,False,False,False,False,False,False,,,,,,,,,,,,,
2026-07-27,TSLA,candidate,2026-07-27,253,blocked_by_market,7,12,58.33,"[""market_ok"", ""close_above_sma200"", ""sma50_above_sma200"", ""pullback_ok"", ""bullish_turn_ok""]",El filtro del mercado general bloquea nuevas entradas.,False,False,False,False,True,True,True,True,False,False,True,False,False,False,False,False,True,True,True,309.22,378.1656,402.4818,414.689,16.705,43562807.0,-0.2317,317.317,302.6095,14.7075,346.732,3.0,320.4902
2026-07-28,AAPL,candidate,2026-07-28,254,blocked_by_market,10,12,83.33,"[""market_ok"", ""distance_sma50_ok""]",El filtro del mercado general bloquea nuevas entradas.,False,False,True,False,True,True,True,True,True,True,False,True,True,True,True,True,True,True,True,340.08,321.5162,307.8296,276.4829,7.9014,49973519.0,0.1048,343.2329,334.8099,8.423,360.079,5.0,346.6652
2026-07-28,AMZN,candidate,2026-07-28,254,blocked_by_market,8,12,66.67,"[""market_ok"", ""close_above_sma200"", ""pullback_ok"", ""bullish_turn_ok""]",El filtro del mercado general bloquea nuevas entradas.,False,False,False,False,True,True,True,True,False,True,True,False,False,True,False,False,True,True,True,230.86,241.4479,247.7212,234.6645,6.6693,40066471.0,-0.0681,233.3431,227.4331,5.91,245.1632,8.0,235.6765
2026-07-28,BBVA.MC,candidate,2026-07-27,257,blocked_by_market,9,12,75.0,"[""market_ok"", ""distance_sma50_ok"", ""bullish_turn_ok""]",El filtro del mercado general bloquea nuevas entradas.,False,False,False,False,True,True,True,True,True,True,False,True,False,False,True,True,True,True,True,23.2,22.3155,21.1463,19.1731,0.535,7784676.0,0.0971,23.3934,22.9865,0.4069,24.2071,122.0,23.6273
2026-07-28,CABK.MC,candidate,2026-07-27,257,blocked_by_market,9,12,75.0,"[""market_ok"", ""distance_sma50_ok"", ""bullish_turn_ok""]",El filtro del mercado general bloquea nuevas entradas.,False,False,False,False,True,True,True,True,True,True,False,True,False,False,True,True,True,True,True,13.29,12.6825,12.1574,10.4552,0.2839,5531871.0,0.0932,13.4584,13.2416,0.2168,13.8921,230.0,13.593
2026-07-28,FER.MC,candidate,2026-07-27,257,blocked_by_market,8,12,66.67,"[""market_ok"", ""close_above_sma200"", ""pullback_ok"", ""bullish_turn_ok""]",El filtro del mercado general bloquea nuevas entradas.,False,False,False,False,True,True,True,True,False,True,True,False,False,False,False,False,True,True,True,54.88,56.7067,58.0828,56.9952,0.9757,705200.0,-0.0551,56.6566,54.7824,1.8742,60.4049,26.0,57.2232
2026-07-28,GOOGL,candidate,2026-07-28,254,blocked_by_market,10,12,83.33,"[""market_ok"", ""pullback_ok""]",El filtro del mercado general bloquea nuevas entradas.,False,True,False,False,True,True,True,True,True,True,True,False,True,True,False,False,True,True,True,333.71,345.5262,361.767,324.4482,11.905,29086938.0,-0.0776,336.2159,323.2495,12.9664,362.1487,3.0,339.578
2026-07-28,IBE.MC,candidate,2026-07-27,257,blocked_by_market,10,12,83.33,"[""market_ok"", ""bullish_turn_ok""]",El filtro del mercado general bloquea nuevas entradas.,False,True,False,False,True,True,True,True,True,True,True,True,False,False,True,True,True,True,True,21.23,21.0551,20.3589,18.853,0.3136,10441595.0,0.0428,21.4614,21.1486,0.3128,22.087,159.0,21.6761
2026-07-28,ITX.MC,candidate,2026-07-27,257,blocked_by_market,9,12,75.0,"[""market_ok"", ""pullback_ok"", ""bullish_turn_ok""]",El filtro del mercado general bloquea nuevas entradas.,False,True,False,False,True,True,True,True,True,True,True,False,False,False,False,False,False,True,True,55.48,54.678,54.4532,52.3519,1.26,1392519.0,0.0189,56.5765,55.274,1.3025,59.1816,38.0,57.1423
2026-07-28,IWM,candidate,2026-07-28,254,blocked_by_market,11,12,91.67,"[""market_ok""]",El filtro del mercado general bloquea nuevas entradas.,False,True,True,False,True,True,True,True,True,True,True,True,True,True,True,True,True,True,True,293.37,293.9737,291.3031,264.1765,3.7289,20599897.0,0.0071,294.0638,290.0021,4.0617,302.1871,12.0,297.0044
2026-07-28,META,candidate,2026-07-28,254,blocked_by_market,7,12,58.33,"[""market_ok"", ""close_above_sma200"", ""sma50_above_sma200"", ""pullback_ok"", ""bullish_turn_ok""]",El filtro del mercado general bloquea nuevas entradas.,False,False,False,False,True,True,True,True,False,False,True,False,False,False,False,False,True,True,True,593.41,617.0463,604.8944,635.9221,26.0521,18775452.0,-0.019,601.601,584.3948,17.2062,636.0134,2.0,607.617
2026-07-28,MSFT,candidate,2026-07-28,254,blocked_by_market,7,12,58.33,"[""market_ok"", ""close_above_sma200"", ""sma50_above_sma200"", ""pullback_ok"", ""bullish_turn_ok""]",El filtro del mercado general bloquea nuevas entradas.,False,False,False,False,True,True,True,True,False,False,True,False,False,False,False,False,True,True,True,393.35,389.6797,398.4626,433.4126,11.6614,32082154.0,-0.0128,400.7203,390.1338,10.5865,421.8933,4.0,404.7275
2026-07-28,NVDA,candidate,2026-07-28,254,blocked_by_market,10,12,83.33,"[""market_ok"", ""pullback_ok""]",El filtro del mercado general bloquea nuevas entradas.,False,True,False,False,True,True,True,True,True,True,True,False,True,True,False,False,True,True,True,197.01,204.2134,207.7572,192.8157,7.7343,129672332.0,-0.0517,198.8987,191.9666,6.9321,212.7629,7.0,200.8877
2026-07-28,QQQ,candidate,2026-07-28,254,blocked_by_market,9,12,75.0,"[""market_ok"", ""pullback_ok"", ""bullish_turn_ok""]",El filtro del mercado general bloquea nuevas entradas.,False,True,False,False,True,True,True,True,True,True,True,False,False,True,False,False,True,True,True,675.49,702.7412,716.3681,642.643,13.2421,38038624.0,-0.0571,680.0794,666.5558,13.5236,707.1267,3.0,686.8802
2026-07-28,REP.MC,candidate,2026-07-27,257,blocked_by_market,9,12,75.0,"[""market_ok"", ""distance_sma50_ok"", ""bullish_turn_ok""]",El filtro del mercado general bloquea nuevas entradas.,False,False,False,False,True,True,True,True,True,True,False,True,False,True,True,True,True,True,True,25.54,24.0751,22.5039,18.9112,0.7286,4160067.0,0.1349,25.6957,24.8571,0.8385,27.3727,59.0,25.9526
2026-07-28,SAN.MC,candidate,2026-07-27,257,blocked_by_market,10,12,83.33,"[""market_ok"", ""bullish_turn_ok""]",El filtro del mercado general bloquea nuevas entradas.,False,True,False,False,True,True,True,True,True,True,True,True,False,False,True,True,True,True,True,12.256,11.9274,11.4657,10.1805,0.3289,22625412.0,0.0689,12.4124,12.0971,0.3153,13.043,158.0,12.5365
2026-07-28,SPY,market_index,,254,market_filter_failed,0,0,0.0,,Filtro de mercado general usado para permitir/bloquear nuevas entradas.,False,False,False,False,False,False,False,False,False,False,False,False,False,False,False,False,False,False,False,,,,,,,,,,,,,
2026-07-28,TSLA,candidate,2026-07-28,254,blocked_by_market,7,12,58.33,"[""market_ok"", ""close_above_sma200"", ""sma50_above_sma200"", ""pullback_ok"", ""bullish_turn_ok""]",El filtro del mercado general bloquea nuevas entradas.,False,False,False,False,True,True,True,True,False,False,True,False,False,True,False,False,True,True,True,307.44,365.7859,397.1198,413.4325,16.2721,43147461.0,-0.2258,311.4611,299.0629,12.3983,336.2577,4.0,314.5758
2026-07-29,AAPL,candidate,2026-07-29,254,blocked_by_market,9,12,75.0,"[""market_ok"", ""distance_sma50_ok"", ""bullish_turn_ok""]",El filtro del mercado general bloquea nuevas entradas.,False,False,False,False,True,True,True,True,True,True,False,True,False,False,True,True,True,True,True,338.19,323.1042,308.5888,276.9073,7.8193,49215819.0,0.0959,344.9145,336.5682,8.3463,361.607,5.0,348.3636
2026-07-29,AMZN,candidate,2026-07-29,254,blocked_by_market,8,12,66.67,"[""market_ok"", ""close_above_sma200"", ""pullback_ok"", ""bullish_turn_ok""]",El filtro del mercado general bloquea nuevas entradas.,False,False,False,False,True,True,True,True,False,True,True,False,False,False,False,False,True,True,True,226.65,240.0386,246.9714,234.659,6.4843,38861984.0,-0.0823,233.0528,225.5116,7.5413,248.1353,6.0,235.3834
2026-07-29,BBVA.MC,candidate,2026-07-28,257,blocked_by_market,10,12,83.33,"[""market_ok"", ""distance_sma50_ok""]",El filtro del mercado general bloquea nuevas entradas.,False,False,True,False,True,True,True,True,True,True,False,True,True,True,True,True,True,True,True,23.25,22.4045,21.2362,19.2139,0.4936,7659314.0,0.0948,23.4434,23.0206,0.4228,24.289,118.0,23.6779
2026-07-29,CABK.MC,candidate,2026-07-28,257,blocked_by_market,9,12,75.0,"[""market_ok"", ""distance_sma50_ok"", ""bullish_turn_ok""]",El filtro del mercado general bloquea nuevas entradas.,False,False,False,False,True,True,True,True,True,True,False,True,False,False,True,True,True,True,True,13.195,12.7313,12.2016,10.4785,0.2754,5692031.0,0.0814,13.4835,13.1275,0.356,14.1955,140.0,13.6183
2026-07-29,FER.MC,candidate,2026-07-28,257,blocked_by_market,8,12,66.67,"[""market_ok"", ""close_above_sma200"", ""pullback_ok"", ""bullish_turn_ok""]",El filtro del mercado general bloquea nuevas entradas.,False,False,False,False,True,True,True,True,False,True,True,False,False,False,False,False,True,True,True,54.22,56.4699,58.0464,57.0121,0.9643,741936.0,-0.0659,55.5955,53.6436,1.952,59.4995,25.0,56.1515
2026-07-29,GOOGL,candidate,2026-07-29,254,blocked_by_market,9,12,75.0,"[""market_ok"", ""pullback_ok"", ""bullish_turn_ok""]",El filtro del mercado general bloquea nuevas entradas.,False,True,False,False,True,True,True,True,True,True,True,False,False,False,False,False,True,True,True,336.71,344.6865,360.5704,324.9264,11.9079,28791433.0,-0.0662,342.8425,330.4292,12.4133,367.6691,4.0,346.2709
2026-07-29,IBE.MC,candidate,2026-07-28,257,blocked_by_market,10,12,83.33,"[""market_ok"", ""bullish_turn_ok""]",El filtro del mercado general bloquea nuevas entradas.,False,True,False,False,True,True,True,True,True,True,True,True,False,False,True,True,True,True,True,20.9,21.0403,20.3933,18.8775,0.33,9772520.0,0.0248,21.4214,20.867,0.5544,22.5302,90.0,21.6356
2026-07-29,ITX.MC,candidate,2026-07-28,257,blocked_by_market,10,12,83.33,"[""market_ok"", ""pullback_ok""]",El filtro del mercado general bloquea nuevas entradas.,False,True,False,False,True,True,True,True,True,True,True,False,True,True,False,False,False,True,True,56.82,54.882,54.5932,52.4066,1.1957,1391390.0,0.0408,57.057,55.5004,1.5566,60.1701,32.0,57.6276
2026-07-29,IWM,candidate,2026-07-29,254,blocked_by_market,9,12,75.0,"[""market_ok"", ""pullback_ok"", ""bullish_turn_ok""]",El filtro del mercado general bloquea nuevas entradas.,False,True,False,False,True,True,True,True,True,True,True,False,False,False,True,False,True,True,True,288.57,293.459,291.5357,264.4029,3.8,21122086.0,-0.0102,293.9537,287.88,6.0737,306.101,8.0,296.8932
2026-07-29,META,candidate,2026-07-29,254,blocked_by_market,7,12,58.33,"[""market_ok"", ""close_above_sma200"", ""sma50_above_sma200"", ""pullback_ok"", ""bullish_turn_ok""]",El filtro del mercado general bloquea nuevas entradas.,False,False,False,False,True,True,True,True,False,False,True,False,False,False,False,False,True,True,True,585.61,614.0524,604.3334,635.1921,23.3057,18921624.0,-0.031,600.5699,579.8894,20.6805,641.931,2.0,606.5756
2026-07-29,MSFT,candidate,2026-07-29,254,blocked_by_market,7,12,58.33,"[""market_ok"", ""close_above_sma200"", ""sma50_above_sma200"", ""pullback_ok"", ""bullish_turn_ok""]",El filtro del mercado general bloquea nuevas entradas.,False,False,False,False,True,True,True,True,False,False,True,False,False,False,False,False,True,True,True,390.54,389.7616,397.8532,432.7697,11.7476,31966039.0,-0.0184,401.6512,387.5682,14.083,429.8173,3.0,405.6678
2026-07-29,NVDA,candidate,2026-07-29,254,blocked_by_market,8,12,66.67,"[""market_ok"", ""close_above_sma200"", ""pullback_ok"", ""bullish_turn_ok""]",El filtro del mercado general bloquea nuevas entradas.,False,False,False,False,True,True,True,True,False,True,True,False,False,False,False,False,True,True,True,190.01,202.8607,207.0563,192.8041,7.8367,128627629.0,-0.0823,197.2711,189.2263,8.0448,213.3606,6.0,199.2438
2026-07-29,QQQ,candidate,2026-07-29,254,blocked_by_market,9,12,75.0,"[""market_ok"", ""pullback_ok"", ""bullish_turn_ok""]",El filtro del mercado general bloquea nuevas entradas.,False,True,False,False,True,True,True,True,True,True,True,False,False,False,False,False,True,True,True,661.73,698.8354,715.4397,642.9093,13.6793,38571668.0,-0.0751,680.73,659.7721,20.958,722.6459,2.0,687.5373
2026-07-29,REP.MC,candidate,2026-07-28,257,blocked_by_market,8,12,66.67,"[""market_ok"", ""distance_sma50_ok"", ""pullback_ok"", ""bullish_turn_ok""]",El filtro del mercado general bloquea nuevas entradas.,False,False,False,False,True,True,True,True,True,True,False,False,False,False,False,True,True,True,True,25.29,24.1908,22.5562,18.9686,0.7079,4026040.0,0.1212,25.8558,24.9192,0.9366,27.7291,53.0,26.1144
2026-07-29,SAN.MC,candidate,2026-07-28,257,blocked_by_market,10,12,83.33,"[""market_ok"", ""bullish_turn_ok""]",El filtro del mercado general bloquea nuevas entradas.,False,True,False,False,True,True,True,True,True,True,True,True,False,False,True,True,True,True,True,12.24,11.9572,11.5064,10.1996,0.2967,22203083.0,0.0638,12.3844,12.1143,0.27,12.9245,185.0,12.5082
2026-07-29,SPY,market_index,,254,market_filter_failed,0,0,0.0,,Filtro de mercado general usado para permitir/bloquear nuevas entradas.,False,False,False,False,False,False,False,False,False,False,False,False,False,False,False,False,False,False,False,,,,,,,,,,,,,
2026-07-29,TSLA,candidate,2026-07-29,254,blocked_by_market,7,12,58.33,"[""market_ok"", ""close_above_sma200"", ""sma50_above_sma200"", ""pullback_ok"", ""bullish_turn_ok""]",El filtro del mercado general bloquea nuevas entradas.,False,False,False,False,True,True,True,True,False,False,True,False,False,False,False,False,True,True,True,298.32,359.3606,394.6414,412.7464,15.8918,42966344.0,-0.2441,309.3541,295.7908,13.5632,336.4805,3.0,312.4476
2026-07-30,AAPL,candidate,2026-07-30,254,blocked_by_market,10,12,83.33,"[""market_ok"", ""bullish_turn_ok""]",El filtro del mercado general bloquea nuevas entradas.,False,True,False,False,True,True,True,True,True,True,True,True,False,True,True,True,True,True,True,333.43,324.0876,309.3006,277.3515,8.095,49844596.0,0.078,335.0847,328.7805,6.3043,347.6933,7.0,338.4356
2026-07-30,AMZN,candidate,2026-07-30,254,blocked_by_market,10,12,83.33,"[""market_ok"", ""pullback_ok""]",El filtro del mercado general bloquea nuevas entradas.,False,True,False,False,True,True,True,True,True,True,True,False,True,True,False,False,True,True,True,235.5,239.6063,246.3842,234.7547,6.9524,40356862.0,-0.0442,240.0634,230.3648,9.6987,259.4607,5.0,242.4641
2026-07-30,BBVA.MC,candidate,2026-07-29,257,blocked_by_market,10,12,83.33,"[""market_ok"", ""bullish_turn_ok""]",El filtro del mercado general bloquea nuevas entradas.,False,True,False,False,True,True,True,True,True,True,True,True,False,False,True,True,True,True,True,22.82,22.444,21.3032,19.252,0.5129,7845215.0,0.0712,23.3433,22.6687,0.6746,24.6925,74.0,23.5768
2026-07-30,CABK.MC,candidate,2026-07-29,257,blocked_by_market,10,12,83.33,"[""market_ok"", ""bullish_turn_ok""]",El filtro del mercado general bloquea nuevas entradas.,False,True,False,False,True,True,True,True,True,True,True,True,False,False,True,True,True,True,True,12.255,12.686,12.2218,10.4965,0.3218,6588905.0,0.0027,13.013,12.2128,0.8002,14.6134,62.0,13.1431
2026-07-30,FER.MC,candidate,2026-07-29,257,blocked_by_market,9,12,75.0,"[""market_ok"", ""close_above_sma200"", ""pullback_ok""]",El filtro del mercado general bloquea nuevas entradas.,False,False,False,False,True,True,True,True,False,True,True,False,True,True,False,False,True,True,True,55.3,56.3585,57.996,57.0324,1.0214,772378.0,-0.0465,55.5755,53.9579,1.6177,58.8108,30.0,56.1313
2026-07-30,GOOGL,candidate,2026-07-30,254,blocked_by_market,9,12,75.0,"[""market_ok"", ""pullback_ok"", ""bullish_turn_ok""]",El filtro del mercado general bloquea nuevas entradas.,False,True,False,False,True,True,True,True,True,True,True,False,False,True,False,False,True,True,True,333.66,343.6364,359.3095,325.4142,11.9243,28977318.0,-0.0714,336.8465,329.1476,7.699,352.2444,6.0,340.215
2026-07-30,IBE.MC,candidate,2026-07-29,257,blocked_by_market,10,12,83.33,"[""market_ok"", ""bullish_turn_ok""]",El filtro del mercado general bloquea nuevas entradas.,False,True,False,False,True,True,True,True,True,True,True,True,False,False,True,True,True,True,True,20.61,20.9994,20.4212,18.8995,0.3443,9672219.0,0.0092,21.031,20.5756,0.4554,21.9419,109.0,21.2413
2026-07-30,ITX.MC,candidate,2026-07-29,257,blocked_by_market,10,12,83.33,"[""market_ok"", ""pullback_ok""]",El filtro del mercado general bloquea nuevas entradas.,False,True,False,False,True,True,True,True,True,True,True,False,True,True,False,False,True,True,True,56.46,55.0322,54.7076,52.4598,1.2471,1398868.0,0.032,57.4374,55.0553,2.3821,62.2016,20.0,58.0118
2026-07-30,IWM,candidate,2026-07-30,254,blocked_by_market,10,12,83.33,"[""market_ok"", ""pullback_ok""]",El filtro del mercado general bloquea nuevas entradas.,False,True,False,False,True,True,True,True,True,True,True,False,True,True,True,False,True,True,True,292.59,293.3763,291.8811,264.6858,3.7779,21214570.0,0.0024,293.1328,288.5822,4.5506,302.2341,10.0,296.0642
2026-07-30,META,candidate,2026-07-30,254,blocked_by_market,7,12,58.33,"[""market_ok"", ""close_above_sma200"", ""sma50_above_sma200"", ""pullback_ok"", ""bullish_turn_ok""]",El filtro del mercado general bloquea nuevas entradas.,False,False,False,False,True,True,True,True,False,False,True,False,False,True,False,False,True,True,True,539.03,606.9074,602.9011,634.3699,24.3565,18869977.0,-0.1059,540.4199,522.0833,18.3366,577.093,2.0,545.8241
2026-07-30,MSFT,candidate,2026-07-30,254,blocked_by_market,8,12,66.67,"[""market_ok"", ""sma50_above_sma200"", ""distance_sma50_ok"", ""pullback_ok""]",El filtro del mercado general bloquea nuevas entradas.,False,False,False,False,True,True,True,True,True,False,False,False,True,True,False,False,False,True,True,451.1,395.6034,398.4228,432.4865,15.8721,35269389.0,0.1322,459.1487,430.8528,28.2959,515.7405,1.0,463.7402
2026-07-30,NVDA,candidate,2026-07-30,254,blocked_by_market,10,12,83.33,"[""market_ok"", ""pullback_ok""]",El filtro del mercado general bloquea nuevas entradas.,False,True,False,False,True,True,True,True,True,True,True,False,True,True,False,False,True,True,True,195.04,202.1159,206.5159,192.8646,7.705,128029330.0,-0.0556,197.4472,190.7495,6.6977,210.8427,7.0,199.4217
2026-07-30,QQQ,candidate,2026-07-30,254,blocked_by_market,10,12,83.33,"[""market_ok"", ""pullback_ok""]",El filtro del mercado general bloquea nuevas entradas.,False,True,False,False,True,True,True,True,True,True,True,False,True,True,False,False,True,True,True,683.55,697.3796,715.0086,643.3903,14.6793,40090208.0,-0.044,685.8051,671.8321,13.9731,713.7512,3.0,692.6632
2026-07-30,REP.MC,candidate,2026-07-29,257,blocked_by_market,9,12,75.0,"[""market_ok"", ""distance_sma50_ok"", ""pullback_ok""]",El filtro del mercado general bloquea nuevas entradas.,False,False,False,False,True,True,True,True,True,True,False,False,True,True,False,True,True,True,True,26.28,24.3898,22.6415,19.0312,0.7443,4197712.0,0.1607,26.4765,25.4856,0.9909,28.4582,50.0,26.7412
2026-07-30,SAN.MC,candidate,2026-07-29,257,blocked_by_market,10,12,83.33,"[""market_ok"", ""bullish_turn_ok""]",El filtro del mercado general bloquea nuevas entradas.,False,True,False,False,True,True,True,True,True,True,True,True,False,False,True,True,True,True,True,11.952,11.9567,11.533,10.2178,0.3049,22116241.0,0.0363,12.3143,11.8975,0.4168,13.1479,119.0,12.4374
2026-07-30,SPY,market_index,,254,market_filter_failed,0,0,0.0,,Filtro de mercado general usado para permitir/bloquear nuevas entradas.,False,False,False,False,False,False,False,False,False,False,False,False,False,False,False,False,False,False,False,,,,,,,,,,,,,
2026-07-30,TSLA,candidate,2026-07-30,254,blocked_by_market,8,12,66.67,"[""market_ok"", ""close_above_sma200"", ""sma50_above_sma200"", ""pullback_ok""]",El filtro del mercado general bloquea nuevas entradas.,False,False,False,False,True,True,True,True,False,False,True,False,True,True,False,False,True,True,True,308.85,354.5501,392.6186,412.2232,16.05,42824808.0,-0.2134,311.1809,299.745,11.4359,334.0526,4.0,314.2927
2026-07-31,AAPL,candidate,2026-07-31,255,trend_only,10,12,83.33,"[""pullback_ok"", ""bullish_turn_ok""]","Cumple tendencia, pero todavía no hay retroceso/vela señal válida.",True,True,False,False,True,True,True,True,True,True,True,False,False,True,False,False,True,True,True,308.91,322.6421,309.4994,277.6613,9.9021,53412656.0,-0.0019,311.0007,299.0098,11.9909,334.9825,4.0,314.1107
2026-07-31,AMZN,candidate,2026-07-31,255,rejected,10,12,83.33,"[""distance_sma50_ok"", ""pullback_ok""]",No cumple los filtros mínimos de tendencia/liquidez/precio.,True,False,False,False,True,True,True,True,True,True,False,False,True,True,False,False,True,True,True,271.58,242.6515,246.629,235.0122,9.2564,45394833.0,0.1012,273.5032,261.1293,12.3739,298.251,4.0,276.2383
2026-07-31,BBVA.MC,candidate,2026-07-30,258,rejected,11,12,91.67,"[""distance_sma50_ok""]",No cumple los filtros mínimos de tendencia/liquidez/precio.,True,False,True,False,True,True,True,True,True,True,False,True,True,True,True,True,True,True,True,23.96,22.5884,21.3978,19.2968,0.5643,7969461.0,0.1197,24.044,22.8836,1.1604,26.3649,43.0,24.2845
2026-07-31,CABK.MC,candidate,2026-07-30,258,valid_signal,12,12,100.0,[],Cumple todos los filtros y genera señal operable.,True,True,True,True,True,True,True,True,True,True,True,True,True,True,True,True,True,True,True,12.48,12.6663,12.2446,10.5158,0.3407,6657665.0,0.0192,12.5776,12.1559,0.4216,13.4208,118.0,12.7033
2026-07-31,FER.MC,candidate,2026-07-30,258,rejected,10,12,83.33,"[""close_above_sma200"", ""pullback_ok""]",No cumple los filtros mínimos de tendencia/liquidez/precio.,True,False,False,False,True,True,True,True,False,True,True,False,True,True,False,False,True,True,True,56.4,56.3624,57.9588,57.0583,1.0986,788151.0,-0.0269,56.9369,54.8901,2.0467,61.0304,24.0,57.5062
2026-07-31,GOOGL,candidate,2026-07-31,255,almost_valid,11,12,91.67,"[""pullback_ok""]","Tiene tendencia y parte del setup, pero le falta alguna condición final.",True,True,False,False,True,True,True,True,True,True,True,False,True,True,False,False,False,True,True,356.13,344.8262,358.6835,325.9765,13.2464,30008120.0,-0.0071,358.9085,338.6754,20.2332,399.3749,2.0,362.4976
2026-07-31,IBE.MC,candidate,2026-07-30,258,almost_valid,11,12,91.67,"[""bullish_turn_ok""]","Tiene tendencia y parte del setup, pero le falta alguna condición final.",True,True,False,False,True,True,True,True,True,True,True,True,False,False,True,True,True,True,True,20.52,20.9537,20.4455,18.9211,0.3507,9710581.0,0.0036,20.7808,20.4349,0.3458,21.4724,144.0,20.9886
2026-07-31,ITX.MC,candidate,2026-07-30,258,almost_valid,11,12,91.67,"[""pullback_ok""]","Tiene tendencia y parte del setup, pero le falta alguna condición final.",True,True,False,False,True,True,True,True,True,True,True,False,True,True,False,False,False,True,True,57.48,55.2654,54.8496,52.5157,1.2857,1415623.0,0.048,57.5375,55.9514,1.586,60.7096,31.0,58.1129
2026-07-31,IWM,candidate,2026-07-31,255,almost_valid,11,12,91.67,"[""pullback_ok""]","Tiene tendencia y parte del setup, pero le falta alguna condición final.",True,True,False,False,True,True,True,True,True,True,True,False,True,True,True,False,True,True,True,291.2,293.169,292.2581,264.9289,3.9714,21566689.0,-0.0036,294.2239,287.4328,6.7911,307.8061,7.0,297.1662
2026-07-31,META,candidate,2026-07-31,255,rejected,9,12,75.0,"[""close_above_sma200"", ""sma50_above_sma200"", ""pullback_ok""]",No cumple los filtros mínimos de tendencia/liquidez/precio.,True,False,False,False,True,True,True,True,False,False,True,False,True,True,False,False,True,True,True,556.71,602.1267,601.9943,633.5842,24.1357,19004631.0,-0.0752,558.8883,537.8264,21.0619,601.0122,2.0,564.4772
2026-07-31,MSFT,candidate,2026-07-31,255,rejected,9,12,75.0,"[""sma50_above_sma200"", ""distance_sma50_ok"", ""pullback_ok""]",No cumple los filtros mínimos de tendencia/liquidez/precio.,True,False,False,False,True,True,True,True,True,False,False,False,True,True,False,False,False,True,True,464.72,402.1859,399.3868,432.256,16.4284,36027301.0,0.1636,467.3068,447.9092,19.3977,506.1022,2.0,471.9799
2026-07-31,NVDA,candidate,2026-07-31,255,almost_valid,11,12,91.67,"[""pullback_ok""]","Tiene tendencia y parte del setup, pero le falta alguna condición final.",True,True,False,False,True,True,True,True,True,True,True,False,True,True,False,False,True,True,True,200.75,201.9858,206.1238,192.928,7.6379,128183953.0,-0.0261,202.172,194.1862,7.9858,218.1435,6.0,204.1937
2026-07-31,QQQ,candidate,2026-07-31,255,almost_valid,11,12,91.67,"[""pullback_ok""]","Tiene tendencia y parte del setup, pero le falta alguna condición final.",True,True,False,False,True,True,True,True,True,True,True,False,True,True,False,False,True,True,True,687.99,696.4854,714.7532,643.8311,14.6999,40131285.0,-0.0374,696.4658,678.5812,17.8846,732.2349,2.0,703.4304
2026-07-31,REP.MC,candidate,2026-07-30,258,rejected,11,12,91.67,"[""distance_sma50_ok""]",No cumple los filtros mínimos de tendencia/liquidez/precio.,True,False,True,False,True,True,True,True,True,True,False,True,True,True,True,True,True,True,True,26.5,24.5908,22.725,19.095,0.7721,4158637.0,0.1661,26.7868,25.8928,0.894,28.5747,55.0,27.0546
2026-07-31,SAN.MC,candidate,2026-07-30,258,valid_signal,12,12,100.0,[],Cumple todos los filtros y genera señal operable.,True,True,True,True,True,True,True,True,True,True,True,True,True,True,True,True,True,True,True,12.248,11.9844,11.5688,10.2377,0.3263,22105979.0,0.0587,12.2783,11.7714,0.5069,13.2921,98.0,12.401
2026-07-31,SPY,market_index,,255,market_ok,0,0,0.0,,Filtro de mercado general usado para permitir/bloquear nuevas entradas.,True,False,False,False,False,False,False,False,False,False,False,False,False,False,False,False,False,False,False,,,,,,,,,,,,,
2026-07-31,TSLA,candidate,2026-07-31,255,rejected,9,12,75.0,"[""close_above_sma200"", ""sma50_above_sma200"", ""pullback_ok""]",No cumple los filtros mínimos de tendencia/liquidez/precio.,True,False,False,False,True,True,True,True,False,False,True,False,True,True,False,False,True,True,True,311.21,350.4224,390.7606,411.5997,15.8457,40992324.0,-0.2036,315.8155,300.3854,15.4301,346.6756,3.0,318.9737
2026-08-03,AAPL,candidate,2026-08-03,254,trend_only,10,12,83.33,"[""pullback_ok"", ""bullish_turn_ok""]","Cumple tendencia, pero todavía no hay retroceso/vela señal válida.",True,True,False,False,True,True,True,True,True,True,True,False,False,False,False,False,True,True,True,303.42,320.8114,309.5228,277.943,10.1764,54576422.0,-0.0197,312.1118,301.5424,10.5694,333.2507,4.0,315.2329
2026-08-03,AMZN,candidate,2026-08-03,254,rejected,10,12,83.33,"[""distance_sma50_ok"", ""pullback_ok""]",No cumple los filtros mínimos de tendencia/liquidez/precio.,True,False,False,False,True,True,True,True,True,True,False,False,True,True,False,False,True,True,True,284.02,246.5913,247.0092,235.3503,10.0293,47842695.0,0.1498,287.4472,276.9971,10.4501,308.3473,4.0,290.3216
2026-08-03,BBVA.MC,candidate,2026-07-31,257,rejected,10,12,83.33,"[""distance_sma50_ok"", ""pullback_ok""]",No cumple los filtros mínimos de tendencia/liquidez/precio.,True,False,False,False,True,True,True,True,True,True,False,False,True,True,True,True,False,True,True,24.2,22.7419,21.4959,19.3431,0.5857,8115504.0,0.1258,24.4745,23.7814,0.693,25.8605,72.0,24.7192
2026-08-03,CABK.MC,candidate,2026-07-30,256,valid_signal,12,12,100.0,[],Cumple todos los filtros y genera señal operable.,True,True,True,True,True,True,True,True,True,True,True,True,True,True,True,True,True,True,True,12.48,12.6663,12.2446,10.5158,0.3407,6657665.0,0.0192,12.5776,12.1559,0.4216,13.4208,118.0,12.7033
2026-08-03,FER.MC,candidate,2026-07-30,256,rejected,10,12,83.33,"[""close_above_sma200"", ""pullback_ok""]",No cumple los filtros mínimos de tendencia/liquidez/precio.,True,False,False,False,True,True,True,True,False,True,True,False,True,True,False,False,True,True,True,56.4,56.3624,57.9588,57.0583,1.0986,788151.0,-0.0269,56.9369,54.8901,2.0467,61.0304,24.0,57.5062
2026-08-03,GOOGL,candidate,2026-08-03,254,almost_valid,11,12,91.67,"[""pullback_ok""]","Tiene tendencia y parte del setup, pero le falta alguna condición final.",True,True,False,False,True,True,True,True,True,True,True,False,True,True,False,False,False,True,True,373.51,347.558,358.3802,326.6192,14.0695,30572290.0,0.0422,377.0699,361.9431,15.1268,407.3236,3.0,380.8406
2026-08-03,IBE.MC,candidate,2026-07-30,256,almost_valid,11,12,91.67,"[""bullish_turn_ok""]","Tiene tendencia y parte del setup, pero le falta alguna condición final.",True,True,False,False,True,True,True,True,True,True,True,True,False,False,True,True,True,True,True,20.52,20.9537,20.4455,18.9211,0.3507,9710581.0,0.0036,20.7808,20.4349,0.3458,21.4724,144.0,20.9886
2026-08-03,ITX.MC,candidate,2026-07-30,256,almost_valid,11,12,91.67,"[""pullback_ok""]","Tiene tendencia y parte del setup, pero le falta alguna condición final.",True,True,False,False,True,True,True,True,True,True,True,False,True,True,False,False,False,True,True,57.48,55.2654,54.8496,52.5157,1.2857,1415623.0,0.048,57.5375,55.9514,1.586,60.7096,31.0,58.1129
2026-08-03,IWM,candidate,2026-08-03,254,almost_valid,11,12,91.67,"[""pullback_ok""]","Tiene tendencia y parte del setup, pero le falta alguna condición final.",True,True,False,False,True,True,True,True,True,True,True,False,True,True,True,False,True,True,True,296.22,293.4596,292.5984,265.1797,4.1779,21736138.0,0.0124,296.9567,291.9822,4.9745,306.9056,10.0,299.9262
2026-08-03,META,candidate,2026-08-03,254,rejected,9,12,75.0,"[""close_above_sma200"", ""sma50_above_sma200"", ""pullback_ok""]",No cumple los filtros mínimos de tendencia/liquidez/precio.,True,False,False,False,True,True,True,True,False,False,True,False,True,True,False,False,True,True,True,590.24,600.9946,601.7091,633.0014,25.8043,19331764.0,-0.0191,598.1175,556.7796,41.338,680.7935,1.0,604.0987
2026-08-03,MSFT,candidate,2026-08-03,254,rejected,9,12,75.0,"[""sma50_above_sma200"", ""distance_sma50_ok"", ""pullback_ok""]",No cumple los filtros mínimos de tendencia/liquidez/precio.,True,False,False,False,True,True,True,True,True,False,False,False,True,True,False,False,False,True,True,487.65,410.3254,400.7368,432.1426,17.4857,37613969.0,0.2169,492.1317,473.2515,18.8801,529.8919,2.0,497.053
2026-08-03,NVDA,candidate,2026-08-03,254,almost_valid,11,12,91.67,"[""pullback_ok""]","Tiene tendencia y parte del setup, pero le falta alguna condición final.",True,True,False,False,True,True,True,True,True,True,True,False,True,True,False,False,True,True,True,206.64,202.429,205.7924,193.0622,7.845,129131321.0,0.0041,208.9487,196.0655,12.8832,234.7152,3.0,211.0382
2026-08-03,QQQ,candidate,2026-08-03,254,almost_valid,11,12,91.67,"[""pullback_ok""]","Tiene tendencia y parte del setup, pero le falta alguna condición final.",True,True,False,False,True,True,True,True,True,True,True,False,True,True,False,False,True,True,True,700.07,696.8268,714.5072,644.3524,15.0729,40774943.0,-0.0202,702.2916,684.3127,17.9789,738.2494,2.0,709.3145
2026-08-03,REP.MC,candidate,2026-07-30,256,rejected,11,12,91.67,"[""distance_sma50_ok""]",No cumple los filtros mínimos de tendencia/liquidez/precio.,True,False,True,False,True,True,True,True,True,True,False,True,True,True,True,True,True,True,True,26.5,24.5908,22.725,19.095,0.7721,4158637.0,0.1661,26.7868,25.8928,0.894,28.5747,55.0,27.0546
2026-08-03,SAN.MC,candidate,2026-07-31,257,almost_valid,11,12,91.67,"[""bullish_turn_ok""]","Tiene tendencia y parte del setup, pero le falta alguna condición final.",True,True,False,False,True,True,True,True,True,True,True,True,False,False,True,True,True,True,True,12.318,12.0162,11.6066,10.2575,0.3286,22513555.0,0.0613,12.4624,12.1731,0.2893,13.0411,172.0,12.5871
2026-08-03,SPY,market_index,,254,market_ok,0,0,0.0,,Filtro de mercado general usado para permitir/bloquear nuevas entradas.,True,False,False,False,False,False,False,False,False,False,False,False,False,False,False,False,False,False,False,,,,,,,,,,,,,
2026-08-03,TSLA,candidate,2026-08-03,254,rejected,9,12,75.0,"[""close_above_sma200"", ""sma50_above_sma200"", ""pullback_ok""]",No cumple los filtros mínimos de tendencia/liquidez/precio.,True,False,False,False,True,True,True,True,False,False,True,False,True,True,False,False,True,True,True,322.08,347.7232,388.857,411.0639,16.3289,40159614.0,-0.1717,324.9746,308.7921,16.1825,357.3397,3.0,328.2244
2026-08-04,AAPL,candidate,2026-08-04,254,almost_valid,11,12,91.67,"[""pullback_ok""]","Tiene tendencia y parte del setup, pero le falta alguna condición final.",True,True,False,False,True,True,True,True,True,True,True,False,True,True,False,False,True,True,True,309.38,319.7227,309.6106,278.2467,9.8357,56004747.0,-0.0007,310.7304,300.3364,10.394,331.5184,4.0,313.8377
2026-08-04,AMZN,candidate,2026-08-04,254,rejected,9,12,75.0,"[""distance_sma50_ok"", ""pullback_ok"", ""bullish_turn_ok""]",No cumple los filtros mínimos de tendencia/liquidez/precio.,True,False,False,False,True,True,True,True,True,True,False,False,False,False,False,False,True,True,True,277.42,249.5274,247.1884,235.6596,9.9757,49537990.0,0.1223,281.3511,274.8224,6.5286,294.4084,7.0,284.1646
2026-08-04,BBVA.MC,candidate,2026-08-03,257,rejected,10,12,83.33,"[""distance_sma50_ok"", ""pullback_ok""]",No cumple los filtros mínimos de tendencia/liquidez/precio.,True,False,False,False,True,True,True,True,True,True,False,False,True,True,True,True,False,True,True,24.68,22.9265,21.5877,19.3874,0.575,8202719.0,0.1432,24.7247,24.3425,0.3822,25.4891,130.0,24.9719
2026-08-04,CABK.MC,candidate,2026-08-03,257,almost_valid,11,12,91.67,"[""bullish_turn_ok""]","Tiene tendencia y parte del setup, pero le falta alguna condición final.",True,True,False,False,True,True,True,True,True,True,True,True,False,False,True,True,True,True,True,12.53,12.6446,12.2839,10.5574,0.3332,6956638.0,0.02,12.7127,12.4217,0.291,13.2947,171.0,12.8398
2026-08-04,FER.MC,candidate,2026-08-03,257,almost_valid,11,12,91.67,"[""pullback_ok""]","Tiene tendencia y parte del setup, pero le falta alguna condición final.",True,True,False,False,True,True,True,True,True,True,True,False,True,True,False,False,True,True,True,57.28,56.4824,57.8776,57.0998,1.0957,767840.0,-0.0103,57.4774,56.2904,1.187,59.8514,42.0,58.0522
2026-08-04,GOOGL,candidate,2026-08-04,254,almost_valid,11,12,91.67,"[""pullback_ok""]","Tiene tendencia y parte del setup, pero le falta alguna condición final.",True,True,False,False,True,True,True,True,True,True,True,False,True,True,False,False,False,True,True,377.65,350.4239,358.1846,327.2547,13.8614,31175746.0,0.0543,380.9005,366.1539,14.7466,410.3938,3.0,384.7095
2026-08-04,IBE.MC,candidate,2026-08-03,257,almost_valid,11,12,91.67,"[""bullish_turn_ok""]","Tiene tendencia y parte del setup, pero le falta alguna condición final.",True,True,False,False,True,True,True,True,True,True,True,True,False,True,True,True,True,True,True,20.65,20.8986,20.5008,18.9644,0.3486,9066192.0,0.0073,20.6907,20.4451,0.2455,21.1817,203.0,20.8976
2026-08-04,ITX.MC,candidate,2026-08-03,257,valid_signal,12,12,100.0,[],Cumple todos los filtros y genera señal operable.,True,True,True,True,True,True,True,True,True,True,True,True,True,True,True,True,True,True,True,57.76,55.6042,55.086,52.6204,1.3329,1471605.0,0.0485,58.3183,56.5867,1.7315,61.7813,28.0,58.9014
2026-08-04,IWM,candidate,2026-08-04,254,almost_valid,11,12,91.67,"[""pullback_ok""]","Tiene tendencia y parte del setup, pero le falta alguna condición final.",True,True,False,False,True,True,True,True,True,True,True,False,True,True,True,False,True,True,True,301.71,294.2453,292.9962,265.446,4.405,21928246.0,0.0297,302.6924,296.7795,5.9129,314.5182,8.0,305.7193
2026-08-04,META,candidate,2026-08-04,254,rejected,8,12,66.67,"[""close_above_sma200"", ""sma50_above_sma200"", ""pullback_ok"", ""bullish_turn_ok""]",No cumple los filtros mínimos de tendencia/liquidez/precio.,True,False,False,False,True,True,True,True,False,False,True,False,False,True,False,False,True,True,True,587.94,599.7513,601.3315,632.3626,24.7412,19331546.0,-0.0223,593.3798,575.7759,17.6039,628.5876,2.0,599.3136
2026-08-04,MSFT,candidate,2026-08-04,254,rejected,9,12,75.0,"[""sma50_above_sma200"", ""distance_sma50_ok"", ""pullback_ok""]",No cumple los filtros mínimos de tendencia/liquidez/precio.,True,False,False,False,True,True,True,True,True,False,False,False,True,True,False,False,False,True,True,492.81,418.181,402.2112,432.0556,17.9321,38886463.0,0.2253,499.9394,477.3768,22.5626,545.0645,2.0,504.9387
2026-08-04,NVDA,candidate,2026-08-04,254,almost_valid,11,12,91.67,"[""pullback_ok""]","Tiene tendencia y parte del setup, pero le falta alguna condición final.",True,True,False,False,True,True,True,True,True,True,True,False,True,True,False,False,False,True,True,211.94,203.3348,205.6461,193.2239,7.7486,129503104.0,0.0306,213.2731,208.2751,4.9979,223.2689,10.0,215.4058
2026-08-04,QQQ,candidate,2026-08-04,254,almost_valid,11,12,91.67,"[""pullback_ok""]","Tiene tendencia y parte del setup, pero le falta alguna condición final.",True,True,False,False,True,True,True,True,True,True,True,False,True,True,False,False,False,True,True,723.85,699.4004,714.7097,644.9715,15.8907,41719411.0,0.0128,726.3757,706.001,20.3747,767.1251,2.0,733.6394
2026-08-04,REP.MC,candidate,2026-08-03,256,rejected,10,12,83.33,"[""distance_sma50_ok"", ""bullish_turn_ok""]",No cumple los filtros mínimos de tendencia/liquidez/precio.,True,False,False,False,True,True,True,True,True,True,False,True,False,True,True,True,True,True,True,26.04,24.7288,22.8116,19.1576,0.765,4013731.0,0.1415,26.1561,25.5835,0.5726,27.3014,87.0,26.4177
2026-08-04,SAN.MC,candidate,2026-08-03,257,valid_signal,12,12,100.0,[],Cumple todos los filtros y genera señal operable.,True,True,True,True,True,True,True,True,True,True,True,True,True,True,True,True,True,True,True,12.566,12.0686,11.6409,10.2798,0.3251,22920891.0,0.0795,12.5786,12.3495,0.2291,13.0367,218.0,12.7044
2026-08-04,SPY,market_index,,254,market_ok,0,0,0.0,,Filtro de mercado general usado para permitir/bloquear nuevas entradas.,True,False,False,False,False,False,False,False,False,False,False,False,False,False,False,False,False,False,False,,,,,,,,,,,,,
2026-08-04,TSLA,candidate,2026-08-04,254,rejected,9,12,75.0,"[""close_above_sma200"", ""sma50_above_sma200"", ""pullback_ok""]",No cumple los filtros mínimos de tendencia/liquidez/precio.,True,False,False,False,True,True,True,True,False,False,True,False,True,True,False,False,False,True,True,327.35,345.7829,387.047,410.5249,15.8178,39961113.0,-0.1542,329.8996,319.2083,10.6913,351.2821,4.0,333.1986
2026-08-05,AAPL,candidate,2026-08-05,254,almost_valid,11,12,91.67,"[""pullback_ok""]","Tiene tendencia y parte del setup, pero le falta alguna condición final.",True,True,False,False,True,True,True,True,True,True,True,False,True,True,False,False,True,True,True,311.0,318.892,309.6542,278.568,9.7034,56166233.0,0.0043,312.0199,304.6997,7.3202,326.6604,6.0,315.1401
2026-08-05,AMZN,candidate,2026-08-05,254,rejected,9,12,75.0,"[""distance_sma50_ok"", ""pullback_ok"", ""bullish_turn_ok""]",No cumple los filtros mínimos de tendencia/liquidez/precio.,True,False,False,False,True,True,True,True,True,True,False,False,False,False,False,False,True,True,True,272.65,251.7295,247.315,235.9505,10.1164,50184938.0,0.1024,283.0728,269.7283,13.3445,309.7617,3.0,285.9035
2026-08-05,BBVA.MC,candidate,2026-08-04,257,rejected,11,12,91.67,"[""distance_sma50_ok""]",No cumple los filtros mínimos de tendencia/liquidez/precio.,True,False,True,False,True,True,True,True,True,True,False,True,True,True,True,True,True,True,True,24.6,23.0859,21.6809,19.4282,0.5743,8200173.0,0.1346,24.8148,24.3026,0.5122,25.8392,97.0,25.0629
2026-08-05,CABK.MC,candidate,2026-08-04,257,valid_signal,12,12,100.0,[],Cumple todos los filtros y genera señal operable.,True,True,True,True,True,True,True,True,True,True,True,True,True,True,True,True,True,True,True,12.63,12.6432,12.3051,10.5782,0.33,7008119.0,0.0264,12.6526,12.457,0.1956,13.0439,255.0,12.7792
2026-08-05,FER.MC,candidate,2026-08-04,257,trend_only,10,12,83.33,"[""pullback_ok"", ""bullish_turn_ok""]","Cumple tendencia, pero todavía no hay retroceso/vela señal válida.",True,True,False,False,True,True,True,True,True,True,True,False,False,False,False,False,False,True,True,57.64,56.5926,57.8468,57.1217,1.1014,738277.0,-0.0036,58.2582,57.3699,0.8883,60.0349,56.0,58.8408
2026-08-05,GOOGL,candidate,2026-08-05,254,trend_only,10,12,83.33,"[""pullback_ok"", ""bullish_turn_ok""]","Cumple tendencia, pero todavía no hay retroceso/vela señal válida.",True,True,False,False,True,True,True,True,True,True,True,False,False,False,False,False,True,True,True,362.43,351.5674,357.7784,327.812,14.1986,32398159.0,0.013,384.8545,355.4002,29.4543,443.7631,1.0,388.703
2026-08-05,IBE.MC,candidate,2026-08-04,257,almost_valid,11,12,91.67,"[""bullish_turn_ok""]","Tiene tendencia y parte del setup, pero le falta alguna condición final.",True,True,False,False,True,True,True,True,True,True,True,True,False,False,True,True,True,True,True,20.57,20.8673,20.5218,18.9847,0.3471,9088141.0,0.0024,20.7808,20.5353,0.2455,21.2717,203.0,20.9886
2026-08-05,ITX.MC,candidate,2026-08-04,257,valid_signal,12,12,100.0,[],Cumple todos los filtros y genera señal operable.,True,True,True,True,True,True,True,True,True,True,True,True,True,True,True,True,True,True,True,58.18,55.8495,55.2228,52.6757,1.3414,1451309.0,0.0536,58.4984,56.9459,1.5526,61.6036,32.0,59.0834
2026-08-05,IWM,candidate,2026-08-05,254,trend_only,10,12,83.33,"[""pullback_ok"", ""bullish_turn_ok""]","Cumple tendencia, pero todavía no hay retroceso/vela señal válida.",True,True,False,False,True,True,True,True,True,True,True,False,False,False,True,False,True,True,True,299.77,294.7715,293.3027,265.7287,4.3939,21628079.0,0.022,303.3631,299.3156,4.0474,311.4579,12.0,306.3967
2026-08-05,META,candidate,2026-08-05,254,rejected,8,12,66.67,"[""close_above_sma200"", ""sma50_above_sma200"", ""pullback_ok"", ""bullish_turn_ok""]",No cumple los filtros mínimos de tendencia/liquidez/precio.,True,False,False,False,True,True,True,True,False,False,True,False,False,False,False,False,True,True,True,588.77,598.7055,600.913,631.7554,24.68,19450558.0,-0.0202,601.601,577.652,23.949,649.499,2.0,607.617
2026-08-05,MSFT,candidate,2026-08-05,254,rejected,8,12,66.67,"[""sma50_above_sma200"", ""distance_sma50_ok"", ""pullback_ok"", ""bullish_turn_ok""]",No cumple los filtros mínimos de tendencia/liquidez/precio.,True,False,False,False,True,True,True,True,True,False,False,False,False,False,False,False,False,True,True,487.46,424.779,403.589,431.951,17.8314,39159370.0,0.2078,498.7082,483.8968,14.8114,528.3309,3.0,503.6953
2026-08-05,NVDA,candidate,2026-08-05,254,trend_only,10,12,83.33,"[""pullback_ok"", ""bullish_turn_ok""]","Cumple tendencia, pero todavía no hay retroceso/vela señal válida.",True,True,False,False,True,True,True,True,True,True,True,False,False,False,False,False,False,True,True,219.22,204.8477,205.7289,193.4121,8.0079,130175673.0,0.0656,222.4422,215.5992,6.843,236.1282,7.0,224.6666
2026-08-05,QQQ,candidate,2026-08-05,254,trend_only,10,12,83.33,"[""pullback_ok"", ""bullish_turn_ok""]","Cumple tendencia, pero todavía no hay retroceso/vela señal válida.",True,True,False,False,True,True,True,True,True,True,True,False,False,False,False,False,False,True,True,717.3,701.1051,714.7207,645.5689,15.6407,41611859.0,0.0036,729.2685,715.3559,13.9126,757.0937,3.0,736.5612
2026-08-05,REP.MC,candidate,2026-08-04,257,rejected,10,12,83.33,"[""distance_sma50_ok"", ""bullish_turn_ok""]",No cumple los filtros mínimos de tendencia/liquidez/precio.,True,False,False,False,True,True,True,True,True,True,False,True,False,False,True,True,True,True,True,25.74,24.9646,22.9941,19.2829,0.7436,3773294.0,0.1194,26.4464,25.4456,1.0008,28.448,49.0,26.7109
2026-08-05,SAN.MC,candidate,2026-08-04,257,rejected,11,12,91.67,"[""distance_sma50_ok""]",No cumple los filtros mínimos de tendencia/liquidez/precio.,True,False,True,False,True,True,True,True,True,True,False,True,True,True,True,True,True,True,True,12.642,12.1232,11.6802,10.3019,0.3174,23040027.0,0.0823,12.7087,12.5183,0.1904,13.0896,262.0,12.8358
2026-08-05,SPY,market_index,,254,market_ok,0,0,0.0,,Filtro de mercado general usado para permitir/bloquear nuevas entradas.,True,False,False,False,False,False,False,False,False,False,False,False,False,False,False,False,False,False,False,,,,,,,,,,,,,
2026-08-05,TSLA,candidate,2026-08-05,254,rejected,8,12,66.67,"[""close_above_sma200"", ""sma50_above_sma200"", ""pullback_ok"", ""bullish_turn_ok""]",No cumple los filtros mínimos de tendencia/liquidez/precio.,True,False,False,False,True,True,True,True,False,False,True,False,False,False,False,False,False,True,True,321.55,343.475,384.9578,409.9889,15.6093,39662190.0,-0.1647,327.4672,318.7191,8.7481,344.9633,5.0,330.7418
2026-08-07,AAPL,candidate,2026-08-07,255,almost_valid,11,12,91.67,"[""pullback_ok""]","Tiene tendencia y parte del setup, pero le falta alguna condición final.",True,True,False,False,True,True,True,True,True,True,True,False,True,True,False,False,True,True,True,313.33,317.8037,309.7854,279.1313,9.3521,56332335.0,0.0114,315.1248,309.8048,5.32,325.7649,9.0,318.2761
2026-08-07,AMZN,candidate,2026-08-07,255,rejected,9,12,75.0,"[""distance_sma50_ok"", ""pullback_ok"", ""bullish_turn_ok""]",No cumple los filtros mínimos de tendencia/liquidez/precio.,True,False,False,False,True,True,True,True,True,True,False,False,False,False,False,True,True,True,True,274.48,255.6653,247.507,236.5366,9.9857,49937720.0,0.109,278.5883,271.7514,6.8369,292.2621,7.0,281.3742
2026-08-07,BBVA.MC,candidate,2026-08-06,258,rejected,10,12,83.33,"[""distance_sma50_ok"", ""bullish_turn_ok""]",No cumple los filtros mínimos de tendencia/liquidez/precio.,True,False,False,False,True,True,True,True,True,True,False,True,False,False,True,True,True,True,True,24.59,23.3329,21.8605,19.5107,0.5636,7842286.0,0.1249,24.9349,24.5036,0.4313,25.7974,115.0,25.1843
2026-08-07,CABK.MC,candidate,2026-08-06,258,trend_only,10,12,83.33,"[""pullback_ok"", ""bullish_turn_ok""]","Cumple tendencia, pero todavía no hay retroceso/vela señal válida.",True,True,False,False,True,True,True,True,True,True,True,False,False,False,True,True,False,True,True,12.88,12.6758,12.3611,10.6222,0.3214,7114938.0,0.042,13.023,12.7529,0.2702,13.5633,185.0,13.1532
2026-08-07,FER.MC,candidate,2026-08-06,258,rejected,9,12,75.0,"[""close_above_sma200"", ""pullback_ok"", ""bullish_turn_ok""]",No cumple los filtros mínimos de tendencia/liquidez/precio.,True,False,False,False,True,True,True,True,False,True,True,False,False,False,False,False,False,True,True,57.1,56.7433,57.7856,57.1652,1.1071,713963.0,-0.0119,57.8378,56.7893,1.0485,59.9348,47.0,58.4162
2026-08-07,GOOGL,candidate,2026-08-07,255,trend_only,10,12,83.33,"[""pullback_ok"", ""bullish_turn_ok""]","Cumple tendencia, pero todavía no hay retroceso/vela señal válida.",True,True,False,False,True,True,True,True,True,True,True,False,False,False,False,False,True,True,True,354.3,352.3604,356.4745,328.828,13.2286,32531995.0,-0.0061,359.2589,352.4571,6.8018,372.8624,7.0,362.8515
2026-08-07,IBE.MC,candidate,2026-08-06,257,almost_valid,11,12,91.67,"[""bullish_turn_ok""]","Tiene tendencia y parte del setup, pero le falta alguna condición final.",True,True,False,False,True,True,True,True,True,True,True,True,False,False,True,True,True,True,True,20.72,20.8479,20.5488,19.0055,0.3264,7345748.0,0.0083,20.9009,20.6174,0.2835,21.4679,176.0,21.1099
2026-08-07,ITX.MC,candidate,2026-08-06,258,trend_only,10,12,83.33,"[""pullback_ok"", ""bullish_turn_ok""]","Cumple tendencia, pero todavía no hay retroceso/vela señal válida.",True,True,False,False,True,True,True,True,True,True,True,False,False,False,True,True,False,True,True,58.8,56.3589,55.4336,52.7906,1.3471,1463182.0,0.0607,59.3793,58.5053,0.874,61.1274,57.0,59.9731
2026-08-07,IWM,candidate,2026-08-07,255,almost_valid,11,12,91.67,"[""pullback_ok""]","Tiene tendencia y parte del setup, pero le falta alguna condición final.",True,True,False,False,True,True,True,True,True,True,True,False,True,True,False,False,True,True,True,301.56,295.7178,293.7089,266.2882,4.3164,21724112.0,0.0267,302.332,299.3634,2.9687,308.2693,16.0,305.3553
2026-08-07,META,candidate,2026-08-07,255,rejected,8,12,66.67,"[""close_above_sma200"", ""sma50_above_sma200"", ""pullback_ok"", ""bullish_turn_ok""]",No cumple los filtros mínimos de tendencia/liquidez/precio.,True,False,False,False,True,True,True,True,False,False,True,False,False,False,False,False,True,True,True,592.1,597.3176,599.6241,630.4387,22.2943,17240692.0,-0.0125,599.3387,583.3906,15.9481,631.2349,3.0,605.3321
2026-08-07,MSFT,candidate,2026-08-07,255,rejected,8,12,66.67,"[""sma50_above_sma200"", ""distance_sma50_ok"", ""pullback_ok"", ""bullish_turn_ok""]",No cumple los filtros mínimos de tendencia/liquidez/precio.,True,False,False,False,True,True,True,True,True,False,False,False,False,False,False,True,False,True,True,499.99,438.4115,407.012,431.8308,17.4986,39547550.0,0.2284,505.6852,496.9802,8.705,523.0952,5.0,510.742
2026-08-07,NVDA,candidate,2026-08-07,255,rejected,10,12,83.33,"[""distance_sma50_ok"", ""pullback_ok""]",No cumple los filtros mínimos de tendencia/liquidez/precio.,True,False,False,False,True,True,True,True,True,True,False,False,True,True,False,False,False,True,True,223.96,207.8865,206.0487,193.7999,7.83,127176775.0,0.0869,224.9848,219.877,5.1078,235.2003,9.0,227.2346
2026-08-07,QQQ,candidate,2026-08-07,255,almost_valid,11,12,91.67,"[""pullback_ok""]","Tiene tendencia y parte del setup, pero le falta alguna condición final.",True,True,False,False,True,True,True,True,True,True,True,False,True,True,False,False,True,True,True,723.03,704.3603,714.3117,646.7021,14.9371,41765761.0,0.0122,724.3536,715.0263,9.3273,743.0083,5.0,731.5972
2026-08-07,REP.MC,candidate,2026-08-06,258,rejected,10,12,83.33,"[""distance_sma50_ok"", ""bullish_turn_ok""]",No cumple los filtros mínimos de tendencia/liquidez/precio.,True,False,False,False,True,True,True,True,True,True,False,True,False,False,True,True,True,True,True,25.46,25.045,23.1616,19.3987,0.7457,3459212.0,0.0992,25.7257,25.2354,0.4903,26.7062,101.0,25.983
2026-08-07,SAN.MC,candidate,2026-08-06,258,rejected,9,12,75.0,"[""distance_sma50_ok"", ""pullback_ok"", ""bullish_turn_ok""]",No cumple los filtros mínimos de tendencia/liquidez/precio.,True,False,False,False,True,True,True,True,True,True,False,False,False,False,True,True,False,True,True,12.864,12.2486,11.7621,10.3483,0.3111,22513785.0,0.0937,13.045,12.7609,0.2841,13.6133,175.0,13.1755
2026-08-07,SPY,market_index,,255,market_ok,0,0,0.0,,Filtro de mercado general usado para permitir/bloquear nuevas entradas.,True,False,False,False,False,False,False,False,False,False,False,False,False,False,False,False,False,False,False,,,,,,,,,,,,,
2026-08-07,TSLA,candidate,2026-08-07,255,rejected,9,12,75.0,"[""close_above_sma200"", ""sma50_above_sma200"", ""pullback_ok""]",No cumple los filtros mínimos de tendencia/liquidez/precio.,True,False,False,False,True,True,True,True,False,False,True,False,True,True,False,False,True,True,True,328.58,339.9931,380.441,408.7958,14.9421,39359442.0,-0.1363,334.0636,319.7566,14.307,362.6777,3.0,337.4043
2026-08-10,AAPL,candidate,2026-08-10,254,trend_only,10,12,83.33,"[""pullback_ok"", ""bullish_turn_ok""]","Cumple tendencia, pero todavía no hay retroceso/vela señal válida.",True,True,False,False,True,True,True,True,True,True,True,False,False,True,False,False,True,True,True,308.26,316.8948,309.7004,279.3624,9.4464,56342829.0,-0.0047,308.5683,303.6854,4.8829,318.3341,10.0,311.654
2026-08-10,AMZN,candidate,2026-08-10,254,rejected,10,12,83.33,"[""distance_sma50_ok"", ""pullback_ok""]",No cumple los filtros mínimos de tendencia/liquidez/precio.,True,False,False,False,True,True,True,True,True,True,False,False,True,True,False,True,True,True,True,278.09,257.801,247.5888,236.8169,10.1979,50055352.0,0.1232,280.4202,272.5803,7.8398,296.0998,6.0,283.2244
2026-08-10,BBVA.MC,candidate,2026-08-07,257,rejected,10,12,83.33,"[""distance_sma50_ok"", ""bullish_turn_ok""]",No cumple los filtros mínimos de tendencia/liquidez/precio.,True,False,False,False,True,True,True,True,True,True,False,True,False,False,True,True,True,True,True,24.6,23.4536,21.9503,19.553,0.5629,7805948.0,0.1207,24.8749,24.4237,0.4511,25.7771,110.0,25.1236
2026-08-10,CABK.MC,candidate,2026-08-07,257,almost_valid,11,12,91.67,"[""bullish_turn_ok""]","Tiene tendencia y parte del setup, pero le falta alguna condición final.",True,True,False,False,True,True,True,True,True,True,True,True,False,False,True,True,True,True,True,12.82,12.6896,12.3855,10.6448,0.3207,7081244.0,0.0351,13.023,12.7829,0.2401,13.5032,208.0,13.1532
2026-08-10,FER.MC,candidate,2026-08-07,257,almost_valid,11,12,91.67,"[""pullback_ok""]","Tiene tendencia y parte del setup, pero le falta alguna condición final.",True,True,False,False,True,True,True,True,True,True,True,False,True,True,True,False,True,True,True,57.36,56.802,57.7588,57.1844,1.1157,706127.0,-0.0069,57.7777,56.6084,1.1693,60.1163,42.0,58.3555
2026-08-10,GOOGL,candidate,2026-08-10,254,almost_valid,11,12,91.67,"[""pullback_ok""]","Tiene tendencia y parte del setup, pero le falta alguna condición final.",True,True,False,False,True,True,True,True,True,True,True,False,True,True,True,False,True,True,True,357.52,352.8518,355.8269,329.3657,13.2221,32686870.0,0.0048,357.9676,351.3878,6.5798,371.1272,7.0,361.5473
2026-08-10,IBE.MC,candidate,2026-08-07,257,almost_valid,11,12,91.67,"[""bullish_turn_ok""]","Tiene tendencia y parte del setup, pero le falta alguna condición final.",True,True,False,False,True,True,True,True,True,True,True,True,False,True,True,True,True,True,True,20.7,20.8163,20.6102,19.048,0.3293,7312896.0,0.0044,20.8308,20.4771,0.3537,21.5383,141.0,21.0391
2026-08-10,ITX.MC,candidate,2026-08-07,257,trend_only,10,12,83.33,"[""pullback_ok"", ""bullish_turn_ok""]","Cumple tendencia, pero todavía no hay retroceso/vela señal válida.",True,True,False,False,True,True,True,True,True,True,True,False,False,False,True,True,False,True,True,58.66,56.578,55.5408,52.8482,1.3257,1466739.0,0.0562,59.1991,58.5074,0.6917,60.5826,72.0,59.7911
2026-08-10,IWM,candidate,2026-08-10,254,almost_valid,11,12,91.67,"[""bullish_turn_ok""]","Tiene tendencia y parte del setup, pero le falta alguna condición final.",True,True,False,False,True,True,True,True,True,True,True,True,False,False,True,True,True,True,True,299.98,296.1237,293.8817,266.5624,4.1757,21583983.0,0.0208,301.6914,298.6724,3.019,307.7294,16.0,304.7083
2026-08-10,META,candidate,2026-08-10,254,rejected,8,12,66.67,"[""close_above_sma200"", ""sma50_above_sma200"", ""pullback_ok"", ""bullish_turn_ok""]",No cumple los filtros mínimos de tendencia/liquidez/precio.,True,False,False,False,True,True,True,True,False,False,True,False,False,False,False,False,True,True,True,594.92,597.0893,598.8285,629.7565,22.5443,16973887.0,-0.0065,608.8182,589.7757,19.0426,646.9034,2.0,614.9064
2026-08-10,MSFT,candidate,2026-08-10,254,rejected,8,12,66.67,"[""sma50_above_sma200"", ""distance_sma50_ok"", ""pullback_ok"", ""bullish_turn_ok""]",No cumple los filtros mínimos de tendencia/liquidez/precio.,True,False,False,False,True,True,True,True,True,False,False,False,False,False,False,True,False,True,True,506.06,444.8543,408.5934,431.7891,18.0533,39892682.0,0.2385,514.2397,500.6947,13.5451,541.3299,3.0,519.3821
2026-08-10,NVDA,candidate,2026-08-10,254,trend_only,10,12,83.33,"[""pullback_ok"", ""bullish_turn_ok""]","Cumple tendencia, pero todavía no hay retroceso/vela señal válida.",True,True,False,False,True,True,True,True,True,True,True,False,False,False,False,True,True,True,True,217.55,208.8069,206.1197,193.983,7.9727,126550168.0,0.0555,224.362,215.9727,8.3893,241.1406,5.0,226.6057
2026-08-10,QQQ,candidate,2026-08-10,254,trend_only,10,12,83.33,"[""pullback_ok"", ""bullish_turn_ok""]","Cumple tendencia, pero todavía no hay retroceso/vela señal válida.",True,True,False,False,True,True,True,True,True,True,True,False,False,False,False,False,True,True,True,720.87,705.9327,714.0333,647.2607,14.2479,41248678.0,0.0096,725.3947,718.9052,6.4894,738.3735,7.0,732.6486
2026-08-10,REP.MC,candidate,2026-08-07,257,rejected,10,12,83.33,"[""distance_sma50_ok"", ""bullish_turn_ok""]",No cumple los filtros mínimos de tendencia/liquidez/precio.,True,False,False,False,True,True,True,True,True,True,False,True,False,False,True,True,True,True,True,25.28,25.0674,23.2373,19.4528,0.7657,3433644.0,0.0879,25.9259,25.0034,0.9225,27.7708,54.0,26.1852
2026-08-10,SAN.MC,candidate,2026-08-07,257,rejected,9,12,75.0,"[""distance_sma50_ok"", ""pullback_ok"", ""bullish_turn_ok""]",No cumple los filtros mínimos de tendencia/liquidez/precio.,True,False,False,False,True,True,True,True,True,True,False,False,False,True,True,True,False,True,True,12.858,12.3066,11.8047,10.3717,0.3194,22627978.0,0.0892,13.001,12.6881,0.3129,13.6268,159.0,13.131
2026-08-10,SPY,market_index,,254,market_ok,0,0,0.0,,Filtro de mercado general usado para permitir/bloquear nuevas entradas.,True,False,False,False,False,False,False,False,False,False,False,False,False,False,False,False,False,False,False,,,,,,,,,,,,,
2026-08-10,TSLA,candidate,2026-08-10,254,rejected,9,12,75.0,"[""close_above_sma200"", ""sma50_above_sma200"", ""pullback_ok""]",No cumple los filtros mínimos de tendencia/liquidez/precio.,True,False,False,False,True,True,True,True,False,False,True,False,True,True,False,False,True,True,True,330.88,339.1252,378.2166,408.2372,14.3279,38963618.0,-0.1252,332.382,324.7172,7.6648,347.7117,6.0,335.7059
2026-08-11,AAPL,candidate,2026-08-11,254,trend_only,10,12,83.33,"[""pullback_ok"", ""bullish_turn_ok""]","Cumple tendencia, pero todavía no hay retroceso/vela señal válida.",True,True,False,False,True,True,True,True,True,True,True,False,False,False,False,False,True,True,True,304.91,315.5292,309.3012,279.3601,9.5299,56306943.0,-0.0142,310.28,301.837,8.443,327.1659,5.0,313.3828
2026-08-11,AMZN,candidate,2026-08-11,254,rejected,9,12,75.0,"[""distance_sma50_ok"", ""pullback_ok"", ""bullish_turn_ok""]",No cumple los filtros mínimos de tendencia/liquidez/precio.,True,False,False,False,True,True,True,True,True,True,False,False,False,False,False,True,True,True,True,272.27,259.179,247.6214,237.0885,10.3036,50087031.0,0.0995,279.1188,270.3296,8.7892,296.6973,5.0,281.91
2026-08-11,BBVA.MC,candidate,2026-08-10,257,rejected,10,12,83.33,"[""distance_sma50_ok"", ""pullback_ok""]",No cumple los filtros mínimos de tendencia/liquidez/precio.,True,False,False,False,True,True,True,True,True,True,False,False,True,True,False,True,True,True,True,24.7,23.5723,22.0478,19.5962,0.565,7734877.0,0.1203,24.8949,24.3935,0.5014,25.8976,99.0,25.1438
2026-08-11,CABK.MC,candidate,2026-08-10,256,valid_signal,12,12,100.0,[],Cumple todos los filtros y genera señal operable.,True,True,True,True,True,True,True,True,True,True,True,True,True,True,True,True,True,True,True,12.94,12.7187,12.393,10.6467,0.3204,6795380.0,0.0441,12.973,12.733,0.24,13.453,208.0,13.1027
2026-08-11,FER.MC,candidate,2026-08-10,256,rejected,9,12,75.0,"[""close_above_sma200"", ""pullback_ok"", ""bullish_turn_ok""]",No cumple los filtros mínimos de tendencia/liquidez/precio.,True,False,False,False,True,True,True,True,False,True,True,False,False,False,True,False,True,True,True,56.82,56.784,57.7604,57.1848,1.1143,680782.0,-0.0163,57.7977,56.7086,1.0892,59.9761,45.0,58.3757
2026-08-11,GOOGL,candidate,2026-08-11,254,trend_only,10,12,83.33,"[""pullback_ok"", ""bullish_turn_ok""]","Cumple tendencia, pero todavía no hay retroceso/vela señal válida.",True,True,False,False,True,True,True,True,True,True,True,False,False,False,False,False,True,True,True,343.8,351.9897,355.1007,329.8287,13.6446,33213673.0,-0.0318,357.1668,342.0305,15.1363,387.4394,3.0,360.7385
2026-08-11,IBE.MC,candidate,2026-08-10,256,trend_only,10,12,83.33,"[""pullback_ok"", ""bullish_turn_ok""]","Cumple tendencia, pero todavía no hay retroceso/vela señal válida.",True,True,False,False,True,True,True,True,True,True,True,False,False,False,True,False,True,True,True,20.56,20.8077,20.6084,19.0475,0.3143,7133311.0,-0.0023,20.7507,20.5286,0.2222,21.195,225.0,20.9582
2026-08-11,ITX.MC,candidate,2026-08-10,256,almost_valid,11,12,91.67,"[""pullback_ok""]","Tiene tendencia y parte del setup, pero le falta alguna condición final.",True,True,False,False,True,True,True,True,True,True,True,False,True,True,True,True,False,True,True,59.1,56.7569,55.594,52.8615,1.2586,1427022.0,0.0631,59.2192,58.2541,0.965,61.1492,51.0,59.8114
2026-08-11,IWM,candidate,2026-08-11,254,almost_valid,11,12,91.67,"[""bullish_turn_ok""]","Tiene tendencia y parte del setup, pero le falta alguna condición final.",True,True,False,False,True,True,True,True,True,True,True,True,False,False,True,True,True,True,True,300.99,296.5871,294.1067,266.8598,4.0964,21413038.0,0.0234,302.292,300.1904,2.1016,306.4952,23.0,305.3149
2026-08-11,META,candidate,2026-08-11,254,rejected,8,12,66.67,"[""close_above_sma200"", ""sma50_above_sma200"", ""pullback_ok"", ""bullish_turn_ok""]",No cumple los filtros mínimos de tendencia/liquidez/precio.,True,False,False,False,True,True,True,True,False,False,True,False,False,False,False,False,False,True,True,599.12,597.2827,598.1724,629.0945,22.1171,16783882.0,0.0016,613.0324,591.1883,21.8441,656.7206,2.0,619.1627
2026-08-11,MSFT,candidate,2026-08-11,254,rejected,8,12,66.67,"[""sma50_above_sma200"", ""distance_sma50_ok"", ""pullback_ok"", ""bullish_turn_ok""]",No cumple los filtros mínimos de tendencia/liquidez/precio.,True,False,False,False,True,True,True,True,True,False,False,False,False,True,False,True,True,True,True,503.81,450.4691,409.6648,431.7218,17.5157,39653561.0,0.2298,505.8353,497.7984,8.0369,521.9091,6.0,510.8937
2026-08-11,NVDA,candidate,2026-08-11,254,almost_valid,11,12,91.67,"[""bullish_turn_ok""]","Tiene tendencia y parte del setup, pero le falta alguna condición final.",True,True,False,False,True,True,True,True,True,True,True,True,False,False,True,True,True,True,True,217.5,209.6348,206.2518,194.1702,7.72,125511897.0,0.0545,222.4222,215.528,6.8942,236.2106,7.0,224.6464
2026-08-11,QQQ,candidate,2026-08-11,254,almost_valid,11,12,91.67,"[""bullish_turn_ok""]","Tiene tendencia y parte del setup, pero le falta alguna condición final.",True,True,False,False,True,True,True,True,True,True,True,True,False,False,True,True,True,True,True,718.45,707.1248,713.6523,647.8365,14.3536,41318132.0,0.0067,724.0233,714.3546,9.6687,743.3606,5.0,731.2635
2026-08-11,REP.MC,candidate,2026-08-10,256,rejected,11,12,91.67,"[""distance_sma50_ok""]",No cumple los filtros mínimos de tendencia/liquidez/precio.,True,False,True,False,True,True,True,True,True,True,False,True,True,True,True,True,True,True,True,25.74,25.038,23.2245,19.4496,0.7771,3389072.0,0.1083,25.8458,25.2023,0.6435,27.1329,77.0,26.1043
2026-08-11,SAN.MC,candidate,2026-08-10,257,rejected,10,12,83.33,"[""distance_sma50_ok"", ""bullish_turn_ok""]",No cumple los filtros mínimos de tendencia/liquidez/precio.,True,False,False,False,True,True,True,True,True,True,False,True,False,True,True,True,True,True,True,12.852,12.3586,11.8486,10.3951,0.3189,22518288.0,0.0847,12.8989,12.6981,0.2008,13.3004,249.0,13.0279
2026-08-11,SPY,market_index,,254,market_ok,0,0,0.0,,Filtro de mercado general usado para permitir/bloquear nuevas entradas.,True,False,False,False,False,False,False,False,False,False,False,False,False,False,False,False,False,False,False,,,,,,,,,,,,,
2026-08-11,TSLA,candidate,2026-08-11,254,rejected,8,12,66.67,"[""close_above_sma200"", ""sma50_above_sma200"", ""pullback_ok"", ""bullish_turn_ok""]",No cumple los filtros mínimos de tendencia/liquidez/precio.,True,False,False,False,True,True,True,True,False,False,True,False,False,False,False,False,True,True,True,332.81,338.5238,376.157,407.7064,14.285,38990398.0,-0.1152,336.5362,328.1015,8.4347,353.4056,5.0,339.9016
2026-08-12,AAPL,candidate,2026-08-12,254,trend_only,10,12,83.33,"[""pullback_ok"", ""bullish_turn_ok""]","Cumple tendencia, pero todavía no hay retroceso/vela señal válida.",True,True,False,False,True,True,True,True,True,True,True,False,False,False,False,False,True,True,True,302.25,314.2645,309.2253,279.5782,9.4267,55365517.0,-0.0226,305.9657,299.6273,6.3383,318.6423,7.0,309.0253
2026-08-12,AMZN,candidate,2026-08-12,254,trend_only,10,12,83.33,"[""pullback_ok"", ""bullish_turn_ok""]","Cumple tendencia, pero todavía no hay retroceso/vela señal válida.",True,True,False,False,True,True,True,True,True,True,True,False,False,False,False,True,True,True,True,267.28,259.9505,247.7418,237.3195,9.8436,49416550.0,0.0789,273.7335,266.1156,7.6178,288.9691,6.0,276.4708
2026-08-12,BBVA.MC,candidate,2026-08-11,255,rejected,10,12,83.33,"[""distance_sma50_ok"", ""pullback_ok""]",No cumple los filtros mínimos de tendencia/liquidez/precio.,True,False,False,False,True,True,True,True,True,True,False,False,True,True,False,True,True,True,True,24.8,23.6634,22.0371,19.5747,0.5507,7513144.0,0.1254,24.985,24.5549,0.43,25.845,116.0,25.2348
2026-08-12,CABK.MC,candidate,2026-08-11,257,almost_valid,11,12,91.67,"[""pullback_ok""]","Tiene tendencia y parte del setup, pero le falta alguna condición final.",True,True,False,False,True,True,True,True,True,True,True,False,True,True,True,True,False,True,True,12.945,12.7355,12.4383,10.6903,0.2875,6806101.0,0.0407,13.003,12.8213,0.1817,13.3665,275.0,13.133
2026-08-12,FER.MC,candidate,2026-08-11,255,rejected,9,12,75.0,"[""close_above_sma200"", ""pullback_ok"", ""bullish_turn_ok""]",No cumple los filtros mínimos de tendencia/liquidez/precio.,True,False,False,False,True,True,True,True,False,True,True,False,False,False,True,False,True,True,True,56.82,56.8285,57.7828,57.1904,1.1314,688070.0,-0.0167,57.4174,56.2469,1.1705,59.7584,42.0,57.9915
2026-08-12,GOOGL,candidate,2026-08-12,254,trend_only,10,12,83.33,"[""pullback_ok"", ""bullish_turn_ok""]","Cumple tendencia, pero todavía no hay retroceso/vela señal válida.",True,True,False,False,True,True,True,True,True,True,True,False,False,False,False,False,True,True,True,343.54,351.185,354.4485,330.2835,12.1029,33013209.0,-0.0308,346.8265,339.6697,7.1568,361.14,6.0,350.2948
2026-08-12,IBE.MC,candidate,2026-08-11,257,trend_only,10,12,83.33,"[""pullback_ok"", ""bullish_turn_ok""]","Cumple tendencia, pero todavía no hay retroceso/vela señal válida.",True,True,False,False,True,True,True,True,True,True,True,False,False,False,True,False,True,True,True,20.59,20.7726,20.6701,19.0881,0.28,7114028.0,-0.0039,20.7107,20.522,0.1887,21.0881,264.0,20.9178
2026-08-12,ITX.MC,candidate,2026-08-11,254,almost_valid,11,12,91.67,"[""bullish_turn_ok""]","Tiene tendencia y parte del setup, pero le falta alguna condición final.",True,True,False,False,True,True,True,True,True,True,True,True,False,False,True,True,True,True,True,58.88,56.9957,55.6768,52.8514,1.2286,1379928.0,0.0575,59.4794,58.6571,0.8223,61.124,60.0,60.0742
2026-08-12,IWM,candidate,2026-08-12,254,valid_signal,12,12,100.0,[],Cumple todos los filtros y genera señal operable.,True,True,True,True,True,True,True,True,True,True,True,True,True,True,True,True,True,True,True,302.71,297.1703,294.395,267.1504,4.01,21253948.0,0.0282,303.7034,300.599,3.1044,309.9122,16.0,306.7404
2026-08-12,META,candidate,2026-08-12,254,rejected,8,12,66.67,"[""close_above_sma200"", ""sma50_above_sma200"", ""pullback_ok"", ""bullish_turn_ok""]",No cumple los filtros mínimos de tendencia/liquidez/precio.,True,False,False,False,True,True,True,True,False,False,True,False,False,False,False,False,True,True,True,578.85,595.5272,597.7511,628.3283,21.8535,16669709.0,-0.0316,605.1035,576.0647,29.0389,663.1813,1.0,611.1546
2026-08-12,MSFT,candidate,2026-08-12,254,rejected,8,12,66.67,"[""sma50_above_sma200"", ""distance_sma50_ok"", ""pullback_ok"", ""bullish_turn_ok""]",No cumple los filtros mínimos de tendencia/liquidez/precio.,True,False,False,False,True,True,True,True,True,False,False,False,False,False,False,True,True,True,True,492.43,454.4654,410.303,431.5975,17.3657,39207902.0,0.2002,502.0015,489.7834,12.2181,526.4377,4.0,507.0215
2026-08-12,NVDA,candidate,2026-08-12,254,rejected,10,12,83.33,"[""distance_sma50_ok"", ""pullback_ok""]",No cumple los filtros mínimos de tendencia/liquidez/precio.,True,False,False,False,True,True,True,True,True,True,False,False,True,True,False,True,True,True,True,224.09,211.0115,206.2516,194.381,7.8343,124871908.0,0.0865,225.3251,219.4166,5.9085,237.1422,8.0,227.5784
2026-08-12,QQQ,candidate,2026-08-12,254,almost_valid,11,12,91.67,"[""bullish_turn_ok""]","Tiene tendencia y parte del setup, pero le falta alguna condición final.",True,True,False,False,True,True,True,True,True,True,True,True,False,False,True,True,True,True,True,723.7,708.7034,713.2878,648.4132,13.7521,41141241.0,0.0146,727.9772,721.5448,6.4325,740.8422,7.0,735.257
2026-08-12,REP.MC,candidate,2026-08-11,255,rejected,11,12,91.67,"[""distance_sma50_ok""]",No cumple los filtros mínimos de tendencia/liquidez/precio.,True,False,True,False,True,True,True,True,True,True,False,True,True,True,True,True,True,True,True,26.42,25.1273,23.2559,19.4575,0.8079,3381059.0,0.1361,26.4464,25.8192,0.6272,27.7008,79.0,26.7109
2026-08-12,SAN.MC,candidate,2026-08-11,257,rejected,10,12,83.33,"[""distance_sma50_ok"", ""bullish_turn_ok""]",No cumple los filtros mínimos de tendencia/liquidez/precio.,True,False,False,False,True,True,True,True,True,True,False,True,False,False,True,True,True,True,True,12.848,12.4052,11.8908,10.4178,0.2946,22261785.0,0.0805,12.971,12.7665,0.2044,13.3798,244.0,13.1007
2026-08-12,SPY,market_index,,254,market_ok,0,0,0.0,,Filtro de mercado general usado para permitir/bloquear nuevas entradas.,True,False,False,False,False,False,False,False,False,False,False,False,False,False,False,False,False,False,False,,,,,,,,,,,,,
2026-08-12,TSLA,candidate,2026-08-12,254,rejected,8,12,66.67,"[""close_above_sma200"", ""sma50_above_sma200"", ""pullback_ok"", ""bullish_turn_ok""]",No cumple los filtros mínimos de tendencia/liquidez/precio.,True,False,False,False,True,True,True,True,False,False,True,False,False,False,False,False,True,True,True,327.51,337.4748,374.3896,407.099,10.97,38807014.0,-0.1252,335.8355,322.543,13.2925,362.4205,3.0,339.1939
2026-08-13,AAPL,candidate,2026-08-13,254,almost_valid,11,12,91.67,"[""pullback_ok""]","Tiene tendencia y parte del setup, pero le falta alguna condición final.",True,True,False,False,True,True,True,True,True,True,True,False,True,True,False,False,True,True,True,305.26,313.407,309.0319,279.7953,8.7982,54283477.0,-0.0122,306.296,301.1702,5.1258,316.5476,9.0,309.3589
2026-08-13,AMZN,candidate,2026-08-13,254,almost_valid,11,12,91.67,"[""bullish_turn_ok""]","Tiene tendencia y parte del setup, pero le falta alguna condición final.",True,True,False,False,True,True,True,True,True,True,True,True,False,False,True,True,True,True,True,265.13,260.4438,247.914,237.5241,9.9339,48692283.0,0.0694,269.8496,263.7116,6.138,282.1255,8.0,272.5481
2026-08-13,BBVA.MC,candidate,,8,insufficient_data,0,0,0.0,enough_data,No hay suficientes velas para calcular SMA200 y validar la estrategia.,True,False,False,False,False,False,False,False,False,False,False,False,False,False,False,False,False,False,False,,,,,,,,,,,,,
2026-08-13,CABK.MC,candidate,,8,insufficient_data,0,0,0.0,enough_data,No hay suficientes velas para calcular SMA200 y validar la estrategia.,True,False,False,False,False,False,False,False,False,False,False,False,False,False,False,False,False,False,False,,,,,,,,,,,,,
2026-08-13,FER.MC,candidate,,8,insufficient_data,0,0,0.0,enough_data,No hay suficientes velas para calcular SMA200 y validar la estrategia.,True,False,False,False,False,False,False,False,False,False,False,False,False,False,False,False,False,False,False,,,,,,,,,,,,,
2026-08-13,GOOGL,candidate,2026-08-13,254,almost_valid,11,12,91.67,"[""pullback_ok""]","Tiene tendencia y parte del setup, pero le falta alguna condición final.",True,True,False,False,True,True,True,True,True,True,True,False,True,True,False,False,True,True,True,346.36,350.7254,354.1431,330.7182,11.9264,31893383.0,-0.022,348.2779,342.5674,5.7106,359.699,8.0,351.7607
2026-08-13,IBE.MC,candidate,2026-08-12,255,trend_only,10,12,83.33,"[""pullback_ok"", ""bullish_turn_ok""]","Cumple tendencia, pero todavía no hay retroceso/vela señal válida.",True,True,False,False,True,True,True,True,True,True,True,False,False,False,True,False,True,True,True,20.6,20.7622,20.6269,19.0643,0.2629,6601488.0,-0.0013,20.7107,20.5237,0.187,21.0846,267.0,20.9178
2026-08-13,ITX.MC,candidate,2026-08-12,254,almost_valid,11,12,91.67,"[""bullish_turn_ok""]","Tiene tendencia y parte del setup, pero le falta alguna condición final.",True,True,False,False,True,True,True,True,True,True,True,True,False,False,True,True,True,True,True,57.9,57.0818,55.7688,52.9052,1.24,1387570.0,0.0382,58.9389,57.576,1.3629,61.6646,36.0,59.5283
2026-08-13,IWM,candidate,2026-08-13,254,trend_only,10,12,83.33,"[""pullback_ok"", ""bullish_turn_ok""]","Cumple tendencia, pero todavía no hay retroceso/vela señal válida.",True,True,False,False,True,True,True,True,True,True,True,False,False,False,True,True,False,True,True,303.5,297.7731,294.6457,267.4301,3.9286,20753189.0,0.0301,305.355,302.3271,3.0279,311.4108,16.0,308.4086
2026-08-13,META,candidate,2026-08-13,254,rejected,9,12,75.0,"[""close_above_sma200"", ""sma50_above_sma200"", ""pullback_ok""]",No cumple los filtros mínimos de tendencia/liquidez/precio.,True,False,False,False,True,True,True,True,False,False,True,False,True,True,False,False,True,True,True,594.97,595.4741,597.709,627.6209,21.9614,16441192.0,-0.0046,596.4458,577.2339,19.212,634.8698,2.0,602.4103
2026-08-13,MSFT,candidate,2026-08-13,254,rejected,8,12,66.67,"[""sma50_above_sma200"", ""distance_sma50_ok"", ""pullback_ok"", ""bullish_turn_ok""]",No cumple los filtros mínimos de tendencia/liquidez/precio.,True,False,False,False,True,True,True,True,True,False,False,False,False,False,False,True,True,True,True,496.88,458.5049,411.4144,431.4804,17.4036,38571862.0,0.2077,501.8413,491.2697,10.5717,522.9847,4.0,506.8597
2026-08-13,NVDA,candidate,2026-08-13,254,rejected,10,12,83.33,"[""distance_sma50_ok"", ""bullish_turn_ok""]",No cumple los filtros mínimos de tendencia/liquidez/precio.,True,False,False,False,True,True,True,True,True,True,False,True,False,False,True,True,True,True,True,225.3,212.3723,206.3064,194.5774,7.5786,123521658.0,0.0921,227.4572,222.9521,4.5051,236.4674,11.0,229.7318
2026-08-13,QQQ,candidate,2026-08-13,254,valid_signal,12,12,100.0,[],Cumple todos los filtros y genera señal operable.,True,True,True,True,True,True,True,True,True,True,True,True,True,True,True,True,True,True,True,732.07,710.9288,713.0224,648.9993,13.76,40674938.0,0.0267,734.694,722.664,12.03,758.754,4.0,742.0409
2026-08-13,REP.MC,candidate,,7,insufficient_data,0,0,0.0,enough_data,No hay suficientes velas para calcular SMA200 y validar la estrategia.,True,False,False,False,False,False,False,False,False,False,False,False,False,False,False,False,False,False,False,,,,,,,,,,,,,
2026-08-13,SAN.MC,candidate,,8,insufficient_data,0,0,0.0,enough_data,No hay suficientes velas para calcular SMA200 y validar la estrategia.,True,False,False,False,False,False,False,False,False,False,False,False,False,False,False,False,False,False,False,,,,,,,,,,,,,
2026-08-13,SPY,market_index,,254,market_ok,0,0,0.0,,Filtro de mercado general usado para permitir/bloquear nuevas entradas.,True,False,False,False,False,False,False,False,False,False,False,False,False,False,False,False,False,False,False,,,,,,,,,,,,,
2026-08-13,TSLA,candidate,2026-08-13,254,rejected,9,12,75.0,"[""close_above_sma200"", ""sma50_above_sma200"", ""pullback_ok""]",No cumple los filtros mínimos de tendencia/liquidez/precio.,True,False,False,False,True,True,True,True,False,False,True,False,True,True,False,False,True,True,True,339.96,337.7115,372.714,406.6302,10.9664,39060061.0,-0.0879,341.9817,324.1433,17.8383,377.6583,2.0,345.4015
2026-08-14,AAPL,candidate,2026-08-14,255,almost_valid,11,12,91.67,"[""pullback_ok""]","Tiene tendencia y parte del setup, pero le falta alguna condición final.",True,True,False,False,True,True,True,True,True,True,True,False,True,True,False,False,True,True,True,305.93,312.6949,308.9507,279.9858,8.5593,52509606.0,-0.0098,307.7975,303.4441,4.3534,316.5043,11.0,310.8755
2026-08-14,AMZN,candidate,2026-08-14,255,almost_valid,11,12,91.67,"[""bullish_turn_ok""]","Tiene tendencia y parte del setup, pero le falta alguna condición final.",True,True,False,False,True,True,True,True,True,True,True,True,False,False,True,True,True,True,True,262.65,260.6539,248.1666,237.7025,9.8257,47901232.0,0.0584,266.0758,261.4374,4.6384,275.3525,10.0,268.7366
2026-08-14,BBVA.MC,candidate,,9,insufficient_data,0,0,0.0,enough_data,No hay suficientes velas para calcular SMA200 y validar la estrategia.,True,False,False,False,False,False,False,False,False,False,False,False,False,False,False,False,False,False,False,,,,,,,,,,,,,
2026-08-14,CABK.MC,candidate,,9,insufficient_data,0,0,0.0,enough_data,No hay suficientes velas para calcular SMA200 y validar la estrategia.,True,False,False,False,False,False,False,False,False,False,False,False,False,False,False,False,False,False,False,,,,,,,,,,,,,
2026-08-14,FER.MC,candidate,,9,insufficient_data,0,0,0.0,enough_data,No hay suficientes velas para calcular SMA200 y validar la estrategia.,True,False,False,False,False,False,False,False,False,False,False,False,False,False,False,False,False,False,False,,,,,,,,,,,,,
2026-08-14,GOOGL,candidate,2026-08-14,255,trend_only,10,12,83.33,"[""pullback_ok"", ""bullish_turn_ok""]","Cumple tendencia, pero todavía no hay retroceso/vela señal válida.",True,True,False,False,True,True,True,True,True,True,True,False,False,False,False,False,True,True,True,345.9,350.2659,353.8856,331.104,11.5886,31252920.0,-0.0226,350.8005,343.3411,7.4593,365.7191,6.0,354.3085
2026-08-14,IBE.MC,candidate,2026-08-13,256,trend_only,10,12,83.33,"[""pullback_ok"", ""bullish_turn_ok""]","Cumple tendencia, pero todavía no hay retroceso/vela señal válida.",True,True,False,False,True,True,True,True,True,True,True,False,False,False,True,False,True,True,True,20.3,20.7182,20.6495,19.083,0.2636,6927509.0,-0.0169,20.6506,20.2636,0.387,21.4246,129.0,20.8571
2026-08-14,ITX.MC,candidate,2026-08-13,258,almost_valid,11,12,91.67,"[""bullish_turn_ok""]","Tiene tendencia y parte del setup, pero le falta alguna condición final.",True,True,False,False,True,True,True,True,True,True,True,True,False,False,True,True,True,True,True,57.88,57.1733,55.9584,53.0565,1.2486,1417776.0,0.0343,58.5985,57.7151,0.8834,60.3653,56.0,59.1845
2026-08-14,IWM,candidate,2026-08-14,255,almost_valid,11,12,91.67,"[""pullback_ok""]","Tiene tendencia y parte del setup, pero le falta alguna condición final.",True,True,False,False,True,True,True,True,True,True,True,False,True,True,True,True,False,True,True,305.09,298.4699,295.0077,267.7134,3.7879,19994348.0,0.0342,305.4852,302.3612,3.124,311.7331,16.0,308.54
2026-08-14,META,candidate,2026-08-14,255,rejected,8,12,66.67,"[""close_above_sma200"", ""sma50_above_sma200"", ""pullback_ok"", ""bullish_turn_ok""]",No cumple los filtros mínimos de tendencia/liquidez/precio.,True,False,False,False,True,True,True,True,False,False,True,False,False,False,False,False,True,True,True,589.85,594.9385,597.0579,626.8258,21.5643,15759043.0,-0.0121,602.4618,587.1336,15.3283,633.1184,3.0,608.4865
2026-08-14,MSFT,candidate,2026-08-14,255,rejected,8,12,66.67,"[""sma50_above_sma200"", ""distance_sma50_ok"", ""pullback_ok"", ""bullish_turn_ok""]",No cumple los filtros mínimos de tendencia/liquidez/precio.,True,False,False,False,True,True,True,True,True,False,False,False,False,False,False,True,True,True,True,495.4,462.0187,412.7756,431.3165,16.9454,37658023.0,0.2002,500.51,492.2305,8.2796,517.0692,6.0,505.5151
2026-08-14,NVDA,candidate,2026-08-14,255,rejected,10,12,83.33,"[""distance_sma50_ok"", ""bullish_turn_ok""]",No cumple los filtros mínimos de tendencia/liquidez/precio.,True,False,False,False,True,True,True,True,True,True,False,True,False,False,True,True,True,True,True,225.16,213.5902,206.5196,194.747,6.8414,120327510.0,0.0903,227.7175,223.8159,3.9016,235.5208,12.0,229.9947
2026-08-14,QQQ,candidate,2026-08-14,255,almost_valid,11,12,91.67,"[""bullish_turn_ok""]","Tiene tendencia y parte del setup, pero le falta alguna condición final.",True,True,False,False,True,True,True,True,True,True,True,True,False,False,True,True,True,True,True,731.07,712.847,712.7759,649.5256,13.0257,39231094.0,0.0257,735.1244,727.0174,8.107,751.3383,6.0,742.4756
2026-08-14,REP.MC,candidate,,8,insufficient_data,0,0,0.0,enough_data,No hay suficientes velas para calcular SMA200 y validar la estrategia.,True,False,False,False,False,False,False,False,False,False,False,False,False,False,False,False,False,False,False,,,,,,,,,,,,,
2026-08-14,SAN.MC,candidate,,9,insufficient_data,0,0,0.0,enough_data,No hay suficientes velas para calcular SMA200 y validar la estrategia.,True,False,False,False,False,False,False,False,False,False,False,False,False,False,False,False,False,False,False,,,,,,,,,,,,,
2026-08-14,SPY,market_index,,255,market_ok,0,0,0.0,,Filtro de mercado general usado para permitir/bloquear nuevas entradas.,True,False,False,False,False,False,False,False,False,False,False,False,False,False,False,False,False,False,False,,,,,,,,,,,,,
2026-08-14,TSLA,candidate,2026-08-14,255,rejected,8,12,66.67,"[""close_above_sma200"", ""sma50_above_sma200"", ""pullback_ok"", ""bullish_turn_ok""]",No cumple los filtros mínimos de tendencia/liquidez/precio.,True,False,False,False,True,True,True,True,False,False,True,False,False,False,False,False,True,True,True,342.27,338.1456,371.0854,406.0794,11.1957,39791569.0,-0.0777,351.6113,334.211,17.4002,386.4118,2.0,355.1274
2026-08-17,AAPL,candidate,2026-08-17,254,almost_valid,11,12,91.67,"[""pullback_ok""]","Tiene tendencia y parte del setup, pero le falta alguna condición final.",True,True,False,False,True,True,True,True,True,True,True,False,True,True,False,False,True,True,True,305.59,312.0182,308.8432,280.1737,8.3763,51579092.0,-0.0105,307.9677,302.1014,5.8663,319.7003,8.0,311.0473
2026-08-17,AMZN,candidate,2026-08-17,254,almost_valid,11,12,91.67,"[""bullish_turn_ok""]","Tiene tendencia y parte del setup, pero le falta alguna condición final.",True,True,False,False,True,True,True,True,True,True,True,True,False,False,True,True,True,True,True,261.31,260.7164,248.317,237.8628,9.9972,48418061.0,0.0523,266.0157,257.3393,8.6765,283.3687,5.0,268.6759
2026-08-17,BBVA.MC,candidate,,10,insufficient_data,0,0,0.0,enough_data,No hay suficientes velas para calcular SMA200 y validar la estrategia.,True,False,False,False,False,False,False,False,False,False,False,False,False,False,False,False,False,False,False,,,,,,,,,,,,,
2026-08-17,CABK.MC,candidate,,10,insufficient_data,0,0,0.0,enough_data,No hay suficientes velas para calcular SMA200 y validar la estrategia.,True,False,False,False,False,False,False,False,False,False,False,False,False,False,False,False,False,False,False,,,,,,,,,,,,,
2026-08-17,FER.MC,candidate,,10,insufficient_data,0,0,0.0,enough_data,No hay suficientes velas para calcular SMA200 y validar la estrategia.,True,False,False,False,False,False,False,False,False,False,False,False,False,False,False,False,False,False,False,,,,,,,,,,,,,
2026-08-17,GOOGL,candidate,2026-08-17,254,trend_only,10,12,83.33,"[""pullback_ok"", ""bullish_turn_ok""]","Cumple tendencia, pero todavía no hay retroceso/vela señal válida.",True,True,False,False,True,True,True,True,True,True,True,False,False,False,False,False,True,True,True,344.0,349.6691,353.3262,331.4893,11.1514,30969910.0,-0.0264,347.5972,340.8149,6.7824,361.162,7.0,351.0732
2026-08-17,IBE.MC,candidate,2026-08-14,256,trend_only,10,12,83.33,"[""pullback_ok"", ""bullish_turn_ok""]","Cumple tendencia, pero todavía no hay retroceso/vela señal válida.",True,True,False,False,True,True,True,True,True,True,True,False,False,False,False,False,True,True,True,20.2,20.6746,20.7132,19.1196,0.2664,7457844.0,-0.0248,20.4204,20.1034,0.317,21.0545,157.0,20.6246
2026-08-17,ITX.MC,candidate,2026-08-14,257,almost_valid,11,12,91.67,"[""bullish_turn_ok""]","Tiene tendencia y parte del setup, pero le falta alguna condición final.",True,True,False,False,True,True,True,True,True,True,True,True,False,False,True,True,True,True,True,57.6,57.2139,56.0104,53.1092,1.1614,1391087.0,0.0284,58.2982,57.2839,1.0144,60.327,49.0,58.8812
2026-08-17,IWM,candidate,2026-08-17,254,trend_only,10,12,83.33,"[""pullback_ok"", ""bullish_turn_ok""]","Cumple tendencia, pero todavía no hay retroceso/vela señal válida.",True,True,False,False,True,True,True,True,True,True,True,False,False,True,True,True,False,True,True,304.06,299.0023,295.2626,267.9982,3.6786,19691666.0,0.0298,304.6343,302.8622,1.7722,308.1786,28.0,307.6807
2026-08-17,META,candidate,2026-08-17,254,rejected,8,12,66.67,"[""close_above_sma200"", ""sma50_above_sma200"", ""pullback_ok"", ""bullish_turn_ok""]",No cumple los filtros mínimos de tendencia/liquidez/precio.,True,False,False,False,True,True,True,True,False,False,True,False,False,False,False,False,True,True,True,568.97,592.4653,595.8975,625.9232,22.385,16120055.0,-0.0452,590.8302,562.5115,28.3187,647.4677,1.0,596.7385
2026-08-17,MSFT,candidate,2026-08-17,254,rejected,8,12,66.67,"[""sma50_above_sma200"", ""distance_sma50_ok"", ""pullback_ok"", ""bullish_turn_ok""]",No cumple los filtros mínimos de tendencia/liquidez/precio.,True,False,False,False,True,True,True,True,True,False,False,False,False,False,False,True,True,True,True,480.35,463.7645,413.8216,431.025,17.3579,37768318.0,0.1608,493.1527,476.6742,16.4784,526.1096,3.0,498.0842
2026-08-17,NVDA,candidate,2026-08-17,254,rejected,10,12,83.33,"[""distance_sma50_ok"", ""bullish_turn_ok""]",No cumple los filtros mínimos de tendencia/liquidez/precio.,True,False,False,False,True,True,True,True,True,True,False,True,False,False,True,True,True,True,True,225.01,214.6778,206.6466,194.8682,6.6343,119981685.0,0.0889,228.1479,224.1966,3.9513,236.0506,12.0,230.4294
2026-08-17,QQQ,candidate,2026-08-17,254,almost_valid,11,12,91.67,"[""bullish_turn_ok""]","Tiene tendencia y parte del setup, pero le falta alguna condición final.",True,True,False,False,True,True,True,True,True,True,True,True,False,False,True,True,True,True,True,729.87,714.4682,712.5774,650.0219,12.3879,39068444.0,0.0243,735.3146,728.0312,7.2834,749.8813,6.0,742.6677
2026-08-17,REP.MC,candidate,,9,insufficient_data,0,0,0.0,enough_data,No hay suficientes velas para calcular SMA200 y validar la estrategia.,True,False,False,False,False,False,False,False,False,False,False,False,False,False,False,False,False,False,False,,,,,,,,,,,,,
2026-08-17,SAN.MC,candidate,2026-08-14,257,valid_signal,12,12,100.0,[],Cumple todos los filtros y genera señal operable.,True,True,True,True,True,True,True,True,True,True,True,True,True,True,True,True,True,True,True,12.898,12.5332,12.0252,10.4823,0.2339,21927210.0,0.0726,12.9509,12.7586,0.1923,13.3356,259.0,13.0804
2026-08-17,SPY,market_index,,254,market_ok,0,0,0.0,,Filtro de mercado general usado para permitir/bloquear nuevas entradas.,True,False,False,False,False,False,False,False,False,False,False,False,False,False,False,False,False,False,False,,,,,,,,,,,,,
2026-08-17,TSLA,candidate,2026-08-17,254,rejected,8,12,66.67,"[""close_above_sma200"", ""sma50_above_sma200"", ""pullback_ok"", ""bullish_turn_ok""]",No cumple los filtros mínimos de tendencia/liquidez/precio.,True,False,False,False,True,True,True,True,False,False,True,False,False,False,False,False,True,True,True,339.3,338.2556,369.5024,405.4732,11.0164,39404035.0,-0.0817,345.7955,336.3883,9.4071,364.6097,5.0,349.2534
2026-08-18,AAPL,candidate,2026-08-18,254,almost_valid,11,12,91.67,"[""pullback_ok""]","Tiene tendencia y parte del setup, pero le falta alguna condición final.",True,True,False,False,True,True,True,True,True,True,True,False,True,True,False,False,True,True,True,310.03,311.8289,308.9023,280.3803,8.2824,52115642.0,0.0037,311.8015,304.9118,6.8897,325.5809,7.0,314.9195
2026-08-18,AMZN,candidate,2026-08-18,254,almost_valid,11,12,91.67,"[""bullish_turn_ok""]","Tiene tendencia y parte del setup, pero le falta alguna condición final.",True,True,False,False,True,True,True,True,True,True,True,True,False,False,True,True,True,True,True,259.45,260.5958,248.5854,238.0085,9.8393,48728644.0,0.0437,262.4422,256.7461,5.6961,273.8344,8.0,265.0666
2026-08-18,BBVA.MC,candidate,,12,insufficient_data,0,0,0.0,enough_data,No hay suficientes velas para calcular SMA200 y validar la estrategia.,True,False,False,False,False,False,False,False,False,False,False,False,False,False,False,False,False,False,False,,,,,,,,,,,,,
2026-08-18,CABK.MC,candidate,,12,insufficient_data,0,0,0.0,enough_data,No hay suficientes velas para calcular SMA200 y validar la estrategia.,True,False,False,False,False,False,False,False,False,False,False,False,False,False,False,False,False,False,False,,,,,,,,,,,,,
2026-08-18,FER.MC,candidate,,12,insufficient_data,0,0,0.0,enough_data,No hay suficientes velas para calcular SMA200 y validar la estrategia.,True,False,False,False,False,False,False,False,False,False,False,False,False,False,False,False,False,False,False,,,,,,,,,,,,,
2026-08-18,GOOGL,candidate,2026-08-18,254,almost_valid,11,12,91.67,"[""pullback_ok""]","Tiene tendencia y parte del setup, pero le falta alguna condición final.",True,True,False,False,True,True,True,True,True,True,True,False,True,True,False,False,True,True,True,344.2,349.1482,352.844,331.8401,10.7086,30766560.0,-0.0245,345.2148,339.1191,6.0956,357.406,8.0,348.6669
2026-08-18,IBE.MC,candidate,2026-08-18,257,almost_valid,11,12,91.67,"[""pullback_ok""]","Tiene tendencia y parte del setup, pero le falta alguna condición final.",True,True,False,False,True,True,True,True,True,True,True,False,True,True,False,False,True,True,True,20.22,20.5852,20.7437,19.1515,0.2393,6915423.0,-0.0252,20.2702,20.0561,0.2142,20.6986,233.0,20.473
2026-08-18,ITX.MC,candidate,2026-08-18,257,valid_signal,12,12,100.0,[],Cumple todos los filtros y genera señal operable.,True,True,True,True,True,True,True,True,True,True,True,True,True,True,True,True,True,True,True,57.06,57.092,56.0588,53.1587,1.0929,1332576.0,0.0179,57.2372,56.0907,1.1465,59.5301,43.0,57.8096
2026-08-18,IWM,candidate,2026-08-18,254,almost_valid,11,12,91.67,"[""bullish_turn_ok""]","Tiene tendencia y parte del setup, pero le falta alguna condición final.",True,True,False,False,True,True,True,True,True,True,True,True,False,False,True,True,True,True,True,300.23,299.1193,295.6475,268.2744,3.5739,19697960.0,0.0155,303.4331,299.7576,3.6755,310.7842,13.0,306.4675
2026-08-18,META,candidate,2026-08-18,254,rejected,8,12,66.67,"[""close_above_sma200"", ""sma50_above_sma200"", ""pullback_ok"", ""bullish_turn_ok""]",No cumple los filtros mínimos de tendencia/liquidez/precio.,True,False,False,False,True,True,True,True,False,False,True,False,False,False,False,False,True,True,True,543.67,587.8181,594.9219,624.893,22.9571,16999108.0,-0.0861,561.2206,540.9143,20.3063,601.8333,2.0,566.8328
2026-08-18,MSFT,candidate,2026-08-18,254,rejected,9,12,75.0,"[""sma50_above_sma200"", ""distance_sma50_ok"", ""pullback_ok""]",No cumple los filtros mínimos de tendencia/liquidez/precio.,True,False,False,False,True,True,True,True,True,False,False,False,True,True,False,True,True,True,True,481.63,465.466,415.1208,430.7424,16.9728,37817596.0,0.1602,484.7543,475.4532,9.301,503.3563,5.0,489.6018
2026-08-18,NVDA,candidate,2026-08-18,254,almost_valid,11,12,91.67,"[""bullish_turn_ok""]","Tiene tendencia y parte del setup, pero le falta alguna condición final.",True,True,False,False,True,True,True,True,True,True,True,True,False,False,True,True,True,True,True,219.74,215.1599,206.9394,194.933,6.5814,120286883.0,0.0619,221.8616,218.0321,3.8296,229.5208,13.0,224.0803
2026-08-18,QQQ,candidate,2026-08-18,254,almost_valid,11,12,91.67,"[""bullish_turn_ok""]","Tiene tendencia y parte del setup, pero le falta alguna condición final.",True,True,False,False,True,True,True,True,True,True,True,True,False,False,True,True,True,True,True,717.51,714.7579,712.8418,650.4422,12.0336,39809928.0,0.0065,722.8521,714.7166,8.1355,739.1232,6.0,730.0807
2026-08-18,REP.MC,candidate,,11,insufficient_data,0,0,0.0,enough_data,No hay suficientes velas para calcular SMA200 y validar la estrategia.,True,False,False,False,False,False,False,False,False,False,False,False,False,False,False,False,False,False,False,,,,,,,,,,,,,
2026-08-18,SAN.MC,candidate,,12,insufficient_data,0,0,0.0,enough_data,No hay suficientes velas para calcular SMA200 y validar la estrategia.,True,False,False,False,False,False,False,False,False,False,False,False,False,False,False,False,False,False,False,,,,,,,,,,,,,
2026-08-18,SPY,market_index,,254,market_ok,0,0,0.0,,Filtro de mercado general usado para permitir/bloquear nuevas entradas.,True,False,False,False,False,False,False,False,False,False,False,False,False,False,False,False,False,False,False,,,,,,,,,,,,,
2026-08-18,TSLA,candidate,2026-08-18,254,rejected,8,12,66.67,"[""close_above_sma200"", ""sma50_above_sma200"", ""pullback_ok"", ""bullish_turn_ok""]",No cumple los filtros mínimos de tendencia/liquidez/precio.,True,False,False,False,True,True,True,True,False,False,True,False,False,True,False,False,True,True,True,336.87,338.1236,368.4198,404.85,10.855,39156947.0,-0.0856,340.8705,330.0345,10.836,362.5426,4.0,344.2792
2026-08-19,AAPL,candidate,2026-08-19,254,almost_valid,11,12,91.67,"[""pullback_ok""]","Tiene tendencia y parte del setup, pero le falta alguna condición final.",True,True,False,False,True,True,True,True,True,True,True,False,True,True,False,False,False,True,True,316.83,312.3052,309.2133,280.6125,8.36,53019436.0,0.0246,319.5992,308.764,10.8352,341.2696,4.0,322.7952
2026-08-19,AMZN,candidate,2026-08-19,254,valid_signal,12,12,100.0,[],Cumple todos los filtros y genera señal operable.,True,True,True,True,True,True,True,True,True,True,True,True,True,True,True,True,True,True,True,265.84,261.0952,248.9978,238.2234,9.4571,48730259.0,0.0676,266.6664,257.6343,9.0321,284.7306,5.0,269.3331
2026-08-19,BBVA.MC,candidate,2026-08-18,257,rejected,10,12,83.33,"[""distance_sma50_ok"", ""bullish_turn_ok""]",No cumple los filtros mínimos de tendencia/liquidez/precio.,True,False,False,False,True,True,True,True,True,True,False,True,False,False,True,True,True,True,True,24.88,24.1571,22.6849,19.8479,0.47,7049103.0,0.0968,25.2252,24.813,0.4122,26.0496,121.0,25.4775
2026-08-19,CABK.MC,candidate,2026-08-18,256,almost_valid,11,12,91.67,"[""bullish_turn_ok""]","Tiene tendencia y parte del setup, pero le falta alguna condición final.",True,True,False,False,True,True,True,True,True,True,True,True,False,False,True,True,True,True,True,12.96,12.8165,12.5619,10.7789,0.2464,5945586.0,0.0317,13.048,12.8904,0.1577,13.3634,317.0,13.1785
2026-08-19,FER.MC,candidate,2026-08-18,256,rejected,9,12,75.0,"[""close_above_sma200"", ""pullback_ok"", ""bullish_turn_ok""]",No cumple los filtros mínimos de tendencia/liquidez/precio.,True,False,False,False,True,True,True,True,False,True,True,False,False,False,False,False,True,True,True,54.74,56.333,57.6036,57.2497,1.01,678330.0,-0.0497,55.3353,54.539,0.7963,56.9278,62.0,55.8886
2026-08-19,GOOGL,candidate,2026-08-19,254,almost_valid,11,12,91.67,"[""pullback_ok""]","Tiene tendencia y parte del setup, pero le falta alguna condición final.",True,True,False,False,True,True,True,True,True,True,True,False,True,True,False,False,True,True,True,344.72,348.7265,352.4722,332.1591,10.6871,29783585.0,-0.022,347.0767,339.5913,7.4855,362.0476,6.0,350.5475
2026-08-19,IBE.MC,candidate,2026-08-18,256,almost_valid,11,12,91.67,"[""pullback_ok""]","Tiene tendencia y parte del setup, pero le falta alguna condición final.",True,True,False,False,True,True,True,True,True,True,True,False,True,True,False,False,True,True,True,20.22,20.5852,20.7437,19.1515,0.2393,6916291.0,-0.0252,20.2702,20.0561,0.2142,20.6986,233.0,20.473
2026-08-19,ITX.MC,candidate,2026-08-18,256,valid_signal,12,12,100.0,[],Cumple todos los filtros y genera señal operable.,True,True,True,True,True,True,True,True,True,True,True,True,True,True,True,True,True,True,True,57.06,57.092,56.0588,53.1587,1.0929,1332930.0,0.0179,57.2372,56.0907,1.1465,59.5301,43.0,57.8096
2026-08-19,IWM,candidate,2026-08-19,254,almost_valid,11,12,91.67,"[""bullish_turn_ok""]","Tiene tendencia y parte del setup, pero le falta alguna condición final.",True,True,False,False,True,True,True,True,True,True,True,True,False,False,True,True,True,True,True,301.72,299.3669,296.0132,268.5679,3.4965,19506153.0,0.0193,303.7139,300.8804,2.8335,309.381,17.0,306.751
2026-08-19,META,candidate,2026-08-19,254,rejected,9,12,75.0,"[""close_above_sma200"", ""sma50_above_sma200"", ""pullback_ok""]",No cumple los filtros mínimos de tendencia/liquidez/precio.,True,False,False,False,True,True,True,True,False,False,True,False,True,True,False,False,True,True,True,546.03,583.8383,594.1456,624.2994,19.79,17292786.0,-0.081,554.6141,535.301,19.313,593.2401,2.0,560.1602
2026-08-19,MSFT,candidate,2026-08-19,254,rejected,8,12,66.67,"[""sma50_above_sma200"", ""distance_sma50_ok"", ""pullback_ok"", ""bullish_turn_ok""]",No cumple los filtros mínimos de tendencia/liquidez/precio.,True,False,False,False,True,True,True,True,True,False,False,False,False,False,False,True,True,True,True,484.31,467.2607,416.5722,430.5517,12.8007,37421769.0,0.1626,489.7793,478.2699,11.5094,512.7981,4.0,494.6771
2026-08-19,NVDA,candidate,2026-08-19,254,almost_valid,11,12,91.67,"[""bullish_turn_ok""]","Tiene tendencia y parte del setup, pero le falta alguna condición final.",True,True,False,False,True,True,True,True,True,True,True,True,False,False,True,True,True,True,True,217.56,215.3885,207.1178,195.0076,6.5007,118284918.0,0.0504,223.0929,216.1099,6.9829,237.0587,7.0,225.3238
2026-08-19,QQQ,candidate,2026-08-19,254,almost_valid,11,12,91.67,"[""bullish_turn_ok""]","Tiene tendencia y parte del setup, pero le falta alguna condición final.",True,True,False,False,True,True,True,True,True,True,True,True,False,False,True,True,True,True,True,716.08,714.8838,712.8578,650.9037,10.9978,40408657.0,0.0045,722.2214,711.5102,10.7112,743.6437,4.0,729.4436
2026-08-19,REP.MC,candidate,2026-08-18,255,rejected,9,12,75.0,"[""distance_sma50_ok"", ""pullback_ok"", ""bullish_turn_ok""]",No cumple los filtros mínimos de tendencia/liquidez/precio.,True,False,False,False,True,True,True,True,True,True,False,False,False,False,True,True,False,True,True,27.48,25.772,23.6731,19.7485,0.7129,3096681.0,0.1608,27.7878,27.1887,0.599,28.9859,83.0,28.0656
2026-08-19,SAN.MC,candidate,2026-08-18,257,almost_valid,11,12,91.67,"[""bullish_turn_ok""]","Tiene tendencia y parte del setup, pero le falta alguna condición final.",True,True,False,False,True,True,True,True,True,True,True,True,False,False,True,True,True,True,True,12.454,12.539,12.1064,10.5207,0.2274,22054401.0,0.0287,12.7287,12.3953,0.3335,13.3956,149.0,12.856
2026-08-19,SPY,market_index,,254,market_ok,0,0,0.0,,Filtro de mercado general usado para permitir/bloquear nuevas entradas.,True,False,False,False,False,False,False,False,False,False,False,False,False,False,False,False,False,False,False,,,,,,,,,,,,,
2026-08-19,TSLA,candidate,2026-08-19,254,rejected,9,12,75.0,"[""close_above_sma200"", ""sma50_above_sma200"", ""pullback_ok""]",No cumple los filtros mínimos de tendencia/liquidez/precio.,True,False,False,False,True,True,True,True,False,False,True,False,True,True,False,False,True,True,True,351.12,339.3614,367.2632,404.4051,11.0957,39434826.0,-0.044,351.9716,334.5904,17.3812,386.734,2.0,355.4913
2026-08-20,AAPL,candidate,2026-08-20,254,blocked_by_market,9,12,75.0,"[""market_ok"", ""pullback_ok"", ""bullish_turn_ok""]",El filtro del mercado general bloquea nuevas entradas.,False,True,False,False,True,True,True,True,True,True,True,False,False,False,False,False,True,True,True,311.3,312.2094,309.6333,280.8221,6.6621,52911337.0,0.0054,320.6003,309.9838,10.6165,341.8333,4.0,323.8063
2026-08-20,AMZN,candidate,2026-08-20,254,blocked_by_market,10,12,83.33,"[""market_ok"", ""bullish_turn_ok""]",El filtro del mercado general bloquea nuevas entradas.,False,True,False,False,True,True,True,True,True,True,True,True,False,False,True,True,True,True,True,260.11,261.0014,249.3162,238.3028,7.2086,47924278.0,0.0433,264.1038,258.8691,5.2347,274.5732,9.0,266.7449
2026-08-20,BBVA.MC,candidate,2026-08-19,255,blocked_by_market,9,12,75.0,"[""market_ok"", ""distance_sma50_ok"", ""bullish_turn_ok""]",El filtro del mercado general bloquea nuevas entradas.,False,False,False,False,True,True,True,True,True,True,False,True,False,False,True,True,True,True,True,24.62,24.187,22.6612,19.8274,0.41,6988732.0,0.0864,25.005,24.579,0.426,25.8569,117.0,25.255
2026-08-20,CABK.MC,candidate,2026-08-19,255,blocked_by_market,10,12,83.33,"[""market_ok"", ""bullish_turn_ok""]",El filtro del mercado general bloquea nuevas entradas.,False,True,False,False,True,True,True,True,True,True,True,True,False,False,True,True,True,True,True,12.7,12.8042,12.566,10.7799,0.2029,5848953.0,0.0107,13.023,12.6497,0.3733,13.7696,133.0,13.1532
2026-08-20,FER.MC,candidate,2026-08-19,255,blocked_by_market,8,12,66.67,"[""market_ok"", ""close_above_sma200"", ""pullback_ok"", ""bullish_turn_ok""]",El filtro del mercado general bloquea nuevas entradas.,False,False,False,False,True,True,True,True,False,True,True,False,False,False,False,False,True,True,True,55.1,56.2381,57.5916,57.2467,0.9671,672771.0,-0.0433,55.6556,54.7633,0.8923,57.4402,56.0,56.2122
2026-08-20,GOOGL,candidate,2026-08-20,254,blocked_by_market,9,12,75.0,"[""market_ok"", ""pullback_ok"", ""bullish_turn_ok""]",El filtro del mercado general bloquea nuevas entradas.,False,True,False,False,True,True,True,True,True,True,True,False,False,False,False,False,True,True,True,340.67,347.9592,352.0004,332.4592,9.3468,27245195.0,-0.0322,344.2439,337.6304,6.6135,357.4708,7.0,347.6863
2026-08-20,IBE.MC,candidate,2026-08-19,255,blocked_by_market,9,12,75.0,"[""market_ok"", ""pullback_ok"", ""bullish_turn_ok""]",El filtro del mercado general bloquea nuevas entradas.,False,True,False,False,True,True,True,True,True,True,True,False,False,False,False,False,True,True,True,20.04,20.5291,20.7189,19.1453,0.225,6825786.0,-0.0328,20.2602,20.0175,0.2427,20.7457,205.0,20.4628
2026-08-20,ITX.MC,candidate,2026-08-19,254,blocked_by_market,11,12,91.67,"[""market_ok""]",El filtro del mercado general bloquea nuevas entradas.,False,True,True,False,True,True,True,True,True,True,True,True,True,True,True,True,True,True,True,58.28,57.2253,56.1548,53.1453,1.0486,1343955.0,0.0378,58.6986,56.9751,1.7235,62.1456,29.0,59.2856
2026-08-20,IWM,candidate,2026-08-20,254,blocked_by_market,10,12,83.33,"[""market_ok"", ""bullish_turn_ok""]",El filtro del mercado general bloquea nuevas entradas.,False,True,False,False,True,True,True,True,True,True,True,True,False,False,True,True,True,True,True,297.67,299.2053,296.2797,268.8343,3.3936,19196695.0,0.0047,300.34,296.7007,3.6394,307.6188,13.0,303.3434
2026-08-20,META,candidate,2026-08-20,254,blocked_by_market,7,12,58.33,"[""market_ok"", ""close_above_sma200"", ""sma50_above_sma200"", ""pullback_ok"", ""bullish_turn_ok""]",El filtro del mercado general bloquea nuevas entradas.,False,False,False,False,True,True,True,True,False,False,True,False,False,True,False,False,True,True,True,545.83,580.2185,593.3812,623.7952,19.1756,17232040.0,-0.0801,550.538,537.3924,13.1455,576.829,3.0,556.0433
2026-08-20,MSFT,candidate,2026-08-20,254,blocked_by_market,8,12,66.67,"[""market_ok"", ""sma50_above_sma200"", ""distance_sma50_ok"", ""bullish_turn_ok""]",El filtro del mercado general bloquea nuevas entradas.,False,False,False,False,True,True,True,True,True,False,False,True,False,False,True,True,True,True,True,481.15,468.5835,418.127,430.3847,11.9079,36700269.0,0.1507,484.6442,478.3092,6.3349,497.3141,7.0,489.4906
2026-08-20,NVDA,candidate,2026-08-20,254,blocked_by_market,10,12,83.33,"[""market_ok"", ""bullish_turn_ok""]",El filtro del mercado general bloquea nuevas entradas.,False,True,False,False,True,True,True,True,True,True,True,True,False,False,True,True,True,True,True,216.85,215.5277,207.291,195.0807,6.2971,117248745.0,0.0461,220.0799,215.0303,5.0496,230.179,9.0,222.2807
2026-08-20,QQQ,candidate,2026-08-20,254,blocked_by_market,9,12,75.0,"[""market_ok"", ""pullback_ok"", ""bullish_turn_ok""]",El filtro del mercado general bloquea nuevas entradas.,False,True,False,False,True,True,True,True,True,True,True,False,False,False,True,False,True,True,True,710.93,714.5073,712.9353,651.3245,10.415,39899403.0,-0.0028,715.6549,707.4785,8.1764,732.0078,6.0,722.8115
2026-08-20,REP.MC,candidate,2026-08-19,254,blocked_by_market,8,12,66.67,"[""market_ok"", ""distance_sma50_ok"", ""pullback_ok"", ""bullish_turn_ok""]",El filtro del mercado general bloquea nuevas entradas.,False,False,False,False,True,True,True,True,True,True,False,False,False,False,True,True,False,True,True,27.41,25.9023,23.7243,19.7613,0.6864,3063377.0,0.1554,27.8278,27.2614,0.5664,28.9607,88.0,28.1061
2026-08-20,SAN.MC,candidate,2026-08-19,255,blocked_by_market,10,12,83.33,"[""market_ok"", ""bullish_turn_ok""]",El filtro del mercado general bloquea nuevas entradas.,False,True,False,False,True,True,True,True,True,True,True,True,False,True,True,True,True,True,True,12.3,12.5157,12.0854,10.5068,0.2159,21444837.0,0.0178,12.4584,12.1324,0.326,13.1105,153.0,12.583
2026-08-20,SPY,market_index,,254,market_filter_failed,0,0,0.0,,Filtro de mercado general usado para permitir/bloquear nuevas entradas.,False,False,False,False,False,False,False,False,False,False,False,False,False,False,False,False,False,False,False,,,,,,,,,,,,,
2026-08-20,TSLA,candidate,2026-08-20,254,blocked_by_market,7,12,58.33,"[""market_ok"", ""close_above_sma200"", ""sma50_above_sma200"", ""pullback_ok"", ""bullish_turn_ok""]",El filtro del mercado general bloquea nuevas entradas.,False,False,False,False,True,True,True,True,False,False,True,False,False,True,False,False,True,True,True,345.13,339.9108,366.2322,403.8479,10.9979,35220840.0,-0.0576,347.8375,337.8602,9.9773,367.792,5.0,351.3159
2026-08-21,AAPL,candidate,2026-08-21,255,trend_only,10,12,83.33,"[""pullback_ok"", ""bullish_turn_ok""]","Cumple tendencia, pero todavía no hay retroceso/vela señal válida.",True,True,False,False,True,True,True,True,True,True,True,False,False,False,False,False,True,True,True,309.35,311.9371,309.9938,281.0285,6.3862,52786512.0,-0.0021,312.6924,306.3714,6.321,325.3344,7.0,315.8193
2026-08-21,AMZN,candidate,2026-08-21,255,almost_valid,11,12,91.67,"[""bullish_turn_ok""]","Tiene tendencia y parte del setup, pero le falta alguna condición final.",True,True,False,False,True,True,True,True,True,True,True,True,False,False,True,True,True,True,True,258.63,260.7756,249.7288,238.326,6.3868,47962066.0,0.0356,261.3411,256.3963,4.9447,271.2305,10.0,263.9545
2026-08-21,BBVA.MC,candidate,2026-08-20,258,almost_valid,11,12,91.67,"[""bullish_turn_ok""]","Tiene tendencia y parte del setup, pero le falta alguna condición final.",True,True,False,False,True,True,True,True,True,True,True,True,False,False,True,True,True,True,True,24.51,24.2306,22.8964,19.9248,0.3929,6856510.0,0.0705,24.7848,24.3507,0.434,25.6529,115.0,25.0326
2026-08-21,CABK.MC,candidate,2026-08-20,258,valid_signal,12,12,100.0,[],Cumple todos los filtros y genera señal operable.,True,True,True,True,True,True,True,True,True,True,True,True,True,True,True,True,True,True,True,12.905,12.8125,12.6417,10.8387,0.1993,5870930.0,0.0208,12.993,12.6351,0.3579,13.7088,139.0,13.1229
2026-08-21,FER.MC,candidate,2026-08-20,258,rejected,9,12,75.0,"[""close_above_sma200"", ""pullback_ok"", ""bullish_turn_ok""]",No cumple los filtros mínimos de tendencia/liquidez/precio.,True,False,False,False,True,True,True,True,False,True,True,False,False,False,False,False,True,True,True,54.66,56.0763,57.5428,57.2739,1.0986,747531.0,-0.0501,57.3973,53.5101,3.8872,65.1717,12.0,57.9713
2026-08-21,GOOGL,candidate,2026-08-21,255,almost_valid,11,12,91.67,"[""pullback_ok""]","Tiene tendencia y parte del setup, pero le falta alguna condición final.",True,True,False,False,True,True,True,True,True,True,True,False,True,True,False,False,True,True,True,344.82,347.6603,351.7692,332.7675,8.2921,26696611.0,-0.0198,346.5462,339.5708,6.9754,360.4971,7.0,350.0117
2026-08-21,IBE.MC,candidate,2026-08-20,258,almost_valid,11,12,91.67,"[""pullback_ok""]","Tiene tendencia y parte del setup, pero le falta alguna condición final.",True,True,False,False,True,True,True,True,True,True,True,False,True,True,False,False,True,True,True,20.11,20.4858,20.7764,19.1988,0.2157,6782400.0,-0.0321,20.2002,19.9984,0.2018,20.6037,247.0,20.4022
2026-08-21,ITX.MC,candidate,2026-08-20,258,almost_valid,11,12,91.67,"[""bullish_turn_ok""]","Tiene tendencia y parte del setup, pero le falta alguna condición final.",True,True,False,False,True,True,True,True,True,True,True,True,False,False,True,True,True,True,True,57.58,57.2684,56.184,53.3183,1.0457,1297757.0,0.0248,58.4384,57.1954,1.243,60.9243,40.0,59.0228
2026-08-21,IWM,candidate,2026-08-21,255,valid_signal,12,12,100.0,[],Cumple todos los filtros y genera señal operable.,True,True,True,True,True,True,True,True,True,True,True,True,True,True,True,True,True,True,True,299.96,299.2772,296.6513,269.116,3.1936,19323529.0,0.0112,300.6303,297.8507,2.7797,306.1896,17.0,303.6366
2026-08-21,META,candidate,2026-08-21,255,rejected,9,12,75.0,"[""close_above_sma200"", ""sma50_above_sma200"", ""pullback_ok""]",No cumple los filtros mínimos de tendencia/liquidez/precio.,True,False,False,False,True,True,True,True,False,False,True,False,True,True,False,False,True,True,True,549.9,577.331,592.9702,623.3645,17.0209,17326433.0,-0.0726,554.4272,541.5279,12.8993,580.2257,3.0,559.9714
2026-08-21,MSFT,candidate,2026-08-21,255,rejected,10,12,83.33,"[""sma50_above_sma200"", ""distance_sma50_ok""]",No cumple los filtros mínimos de tendencia/liquidez/precio.,True,False,True,False,True,True,True,True,True,False,False,True,True,True,True,True,True,True,True,483.24,469.2606,419.092,429.4327,10.5147,36620514.0,0.1531,486.8463,477.4785,9.3678,505.582,5.0,491.7148
2026-08-21,NVDA,candidate,2026-08-21,255,almost_valid,11,12,91.67,"[""bullish_turn_ok""]","Tiene tendencia y parte del setup, pero le falta alguna condición final.",True,True,False,False,True,True,True,True,True,True,True,True,False,False,True,True,True,True,True,214.72,215.4507,207.577,195.1212,5.7507,116217370.0,0.0344,218.9587,213.9249,5.0338,229.0264,9.0,221.1483
2026-08-21,QQQ,candidate,2026-08-21,255,almost_valid,11,12,91.67,"[""pullback_ok""]","Tiene tendencia y parte del setup, pero le falta alguna condición final.",True,True,False,False,True,True,True,True,True,True,True,False,True,True,True,False,True,True,True,713.44,714.4056,713.3455,651.7428,9.7506,39435799.0,0.0001,716.3895,708.23,8.1595,732.7086,6.0,723.5534
2026-08-21,REP.MC,candidate,2026-08-20,258,rejected,10,12,83.33,"[""distance_sma50_ok"", ""pullback_ok""]",No cumple los filtros mínimos de tendencia/liquidez/precio.,True,False,False,False,True,True,True,True,True,True,False,False,True,True,True,True,False,True,True,28.14,26.2303,24.0241,19.9872,0.6329,2888072.0,0.1713,28.2582,27.3367,0.9215,30.1013,54.0,28.5408
2026-08-21,SAN.MC,candidate,2026-08-20,258,almost_valid,11,12,91.67,"[""bullish_turn_ok""]","Tiene tendencia y parte del setup, pero le falta alguna condición final.",True,True,False,False,True,True,True,True,True,True,True,True,False,False,True,True,True,True,True,12.226,12.4886,12.1786,10.556,0.2086,20797054.0,0.0039,12.3343,12.1591,0.1752,12.6847,285.0,12.4577
2026-08-21,SPY,market_index,,255,market_ok,0,0,0.0,,Filtro de mercado general usado para permitir/bloquear nuevas entradas.,True,False,False,False,False,False,False,False,False,False,False,False,False,False,False,False,False,False,False,,,,,,,,,,,,,
2026-08-21,TSLA,candidate,2026-08-21,255,rejected,9,12,75.0,"[""close_above_sma200"", ""sma50_above_sma200"", ""pullback_ok""]",No cumple los filtros mínimos de tendencia/liquidez/precio.,True,False,False,False,True,True,True,True,False,False,True,False,True,True,False,False,True,True,True,362.86,342.0964,365.8576,403.3204,11.5086,35015873.0,-0.0082,366.8665,345.7491,21.1174,409.1012,2.0,370.5352
2026-08-24,AAPL,candidate,2026-08-24,254,blocked_by_market,9,12,75.0,"[""market_ok"", ""pullback_ok"", ""bullish_turn_ok""]",El filtro del mercado general bloquea nuevas entradas.,False,True,False,False,True,True,True,True,True,True,True,False,False,False,False,False,True,True,True,310.34,311.785,310.2931,281.235,6.0232,52252896.0,0.0002,313.6733,309.3677,4.3057,322.2847,11.0,316.8101
2026-08-24,AMZN,candidate,2026-08-24,254,blocked_by_market,11,12,91.67,"[""market_ok""]",El filtro del mercado general bloquea nuevas entradas.,False,True,True,False,True,True,True,True,True,True,True,True,True,True,True,True,True,True,True,262.07,260.8988,250.14,238.3897,6.1364,47621468.0,0.0477,263.5833,258.4363,5.147,273.8773,9.0,266.2192
2026-08-24,BBVA.MC,candidate,2026-08-21,257,blocked_by_market,11,12,91.67,"[""market_ok""]",El filtro del mercado general bloquea nuevas entradas.,False,True,True,False,True,True,True,True,True,True,True,True,True,True,True,True,True,True,True,24.82,24.2867,22.991,19.9621,0.3814,7021955.0,0.0796,24.8749,24.6019,0.273,25.4208,183.0,25.1236
2026-08-24,CABK.MC,candidate,2026-08-21,257,blocked_by_market,11,12,91.67,"[""market_ok""]",El filtro del mercado general bloquea nuevas entradas.,False,True,True,False,True,True,True,True,True,True,True,True,True,True,True,True,True,True,True,12.98,12.8285,12.6635,10.8587,0.1896,5569802.0,0.025,13.028,12.891,0.137,13.302,365.0,13.1583
2026-08-24,FER.MC,candidate,2026-08-21,257,blocked_by_market,8,12,66.67,"[""market_ok"", ""close_above_sma200"", ""pullback_ok"", ""bullish_turn_ok""]",El filtro del mercado general bloquea nuevas entradas.,False,False,False,False,True,True,True,True,False,True,True,False,False,False,False,False,True,True,True,53.76,55.8557,57.452,57.2725,1.1414,776566.0,-0.0643,55.1551,53.3659,1.7892,58.7336,27.0,55.7066
2026-08-24,GOOGL,candidate,2026-08-24,254,blocked_by_market,10,12,83.33,"[""market_ok"", ""pullback_ok""]",El filtro del mercado general bloquea nuevas entradas.,False,True,False,False,True,True,True,True,True,True,True,False,True,True,False,False,True,True,True,348.06,347.6983,351.575,333.1228,8.0121,26588199.0,-0.01,351.9516,341.6988,10.2528,372.4572,4.0,355.4711
2026-08-24,IBE.MC,candidate,2026-08-21,257,blocked_by_market,9,12,75.0,"[""market_ok"", ""pullback_ok"", ""bullish_turn_ok""]",El filtro del mercado general bloquea nuevas entradas.,False,True,False,False,True,True,True,True,True,True,True,False,False,False,False,False,True,True,True,20.05,20.4443,20.779,19.2131,0.2143,6915279.0,-0.0351,20.2302,20.0186,0.2116,20.6535,236.0,20.4325
2026-08-24,ITX.MC,candidate,2026-08-21,257,blocked_by_market,11,12,91.67,"[""market_ok""]",El filtro del mercado general bloquea nuevas entradas.,False,True,True,False,True,True,True,True,True,True,True,True,True,True,True,True,True,True,True,58.22,57.359,56.2296,53.3749,0.98,1316832.0,0.0354,58.3983,57.342,1.0563,60.511,47.0,58.9823
2026-08-24,IWM,candidate,2026-08-24,254,blocked_by_market,10,12,83.33,"[""market_ok"", ""bullish_turn_ok""]",El filtro del mercado general bloquea nuevas entradas.,False,True,False,False,True,True,True,True,True,True,True,True,False,False,True,True,True,True,True,297.97,299.1527,296.8163,269.4089,2.9357,19027642.0,0.0039,300.0397,297.1064,2.9333,305.9063,17.0,302.9754
2026-08-24,META,candidate,2026-08-24,254,blocked_by_market,8,12,66.67,"[""market_ok"", ""close_above_sma200"", ""sma50_above_sma200"", ""pullback_ok""]",El filtro del mercado general bloquea nuevas entradas.,False,False,False,False,True,True,True,True,False,False,True,False,True,True,False,False,True,True,True,559.02,575.5871,592.7925,623.0311,17.0621,17434469.0,-0.057,561.9814,544.5938,17.3876,596.7567,2.0,567.6012
2026-08-24,MSFT,candidate,2026-08-24,254,blocked_by_market,9,12,75.0,"[""market_ok"", ""sma50_above_sma200"", ""distance_sma50_ok""]",El filtro del mercado general bloquea nuevas entradas.,False,False,True,False,True,True,True,True,True,False,False,True,True,True,True,True,True,True,True,487.31,470.9796,421.046,429.3185,9.6942,36097075.0,0.1574,491.0956,480.8906,10.2051,511.5057,4.0,496.0066
2026-08-24,NVDA,candidate,2026-08-24,254,blocked_by_market,10,12,83.33,"[""market_ok"", ""bullish_turn_ok""]",El filtro del mercado general bloquea nuevas entradas.,False,True,False,False,True,True,True,True,True,True,True,True,False,False,True,True,True,True,True,208.48,214.7869,207.6492,195.1715,5.8793,115567704.0,0.004,215.8056,206.7821,9.0235,233.8526,5.0,217.9636
2026-08-24,QQQ,candidate,2026-08-24,254,blocked_by_market,9,12,75.0,"[""market_ok"", ""pullback_ok"", ""bullish_turn_ok""]",El filtro del mercado general bloquea nuevas entradas.,False,True,False,False,True,True,True,True,True,True,True,False,False,True,True,False,True,True,True,706.32,713.6356,713.1453,652.1894,8.69,39167123.0,-0.0096,710.4998,701.831,8.6688,727.8373,5.0,717.6048
2026-08-24,REP.MC,candidate,2026-08-21,257,blocked_by_market,9,12,75.0,"[""market_ok"", ""distance_sma50_ok"", ""bullish_turn_ok""]",El filtro del mercado general bloquea nuevas entradas.,False,False,False,False,True,True,True,True,True,True,False,True,False,False,True,True,True,True,True,27.99,26.3979,24.1407,20.0499,0.6193,2746328.0,0.1595,28.4484,27.8281,0.6203,29.6891,80.0,28.7329
2026-08-24,SAN.MC,candidate,2026-08-21,257,blocked_by_market,11,12,91.67,"[""market_ok""]",El filtro del mercado general bloquea nuevas entradas.,False,True,True,False,True,True,True,True,True,True,True,True,True,True,True,True,True,True,True,12.55,12.4945,12.209,10.5745,0.2199,21003268.0,0.0279,12.6446,12.278,0.3666,13.3779,136.0,12.7711
2026-08-24,SPY,market_index,,254,market_filter_failed,0,0,0.0,,Filtro de mercado general usado para permitir/bloquear nuevas entradas.,False,False,False,False,False,False,False,False,False,False,False,False,False,False,False,False,False,False,False,,,,,,,,,,,,,
2026-08-24,TSLA,candidate,2026-08-24,254,blocked_by_market,7,12,58.33,"[""market_ok"", ""close_above_sma200"", ""sma50_above_sma200"", ""pullback_ok"", ""bullish_turn_ok""]",El filtro del mercado general bloquea nuevas entradas.,False,False,False,False,True,True,True,True,False,False,True,False,False,False,False,False,True,True,True,348.95,342.7491,364.8536,402.8438,11.9514,34779577.0,-0.0436,363.6032,347.0649,16.5384,396.68,3.0,367.2393
2026-08-25,AAPL,candidate,2026-08-25,254,trend_only,10,12,83.33,"[""pullback_ok"", ""bullish_turn_ok""]","Cumple tendencia, pero todavía no hay retroceso/vela señal válida.",True,True,False,False,True,True,True,True,True,True,True,False,False,False,True,False,True,True,True,309.9,311.6055,310.6735,281.4388,5.9757,50963373.0,-0.0025,313.8936,307.6124,6.2811,326.4559,7.0,317.0325
2026-08-25,AMZN,candidate,2026-08-25,254,almost_valid,11,12,91.67,"[""bullish_turn_ok""]","Tiene tendencia y parte del setup, pero le falta alguna condición final.",True,True,False,False,True,True,True,True,True,True,True,True,False,False,True,True,True,True,True,261.06,260.9142,250.5902,238.444,5.5637,46676257.0,0.0418,264.1358,259.2736,4.8621,273.86,10.0,266.7771
2026-08-25,BBVA.MC,candidate,2026-08-24,257,rejected,11,12,91.67,"[""distance_sma50_ok""]",No cumple los filtros mínimos de tendencia/liquidez/precio.,True,False,True,False,True,True,True,True,True,True,False,True,True,True,True,True,True,True,True,25.07,24.3613,23.0804,20.0028,0.3821,6784201.0,0.0862,25.1751,24.6718,0.5034,26.1819,99.0,25.4269
2026-08-25,CABK.MC,candidate,2026-08-24,257,valid_signal,12,12,100.0,[],Cumple todos los filtros y genera señal operable.,True,True,True,True,True,True,True,True,True,True,True,True,True,True,True,True,True,True,True,13.265,12.8701,12.6869,10.8813,0.2018,5551873.0,0.0456,13.2933,12.9398,0.3535,14.0002,141.0,13.4262
2026-08-25,FER.MC,candidate,2026-08-24,257,rejected,9,12,75.0,"[""close_above_sma200"", ""pullback_ok"", ""bullish_turn_ok""]",No cumple los filtros mínimos de tendencia/liquidez/precio.,True,False,False,False,True,True,True,True,False,True,True,False,False,False,False,False,True,True,True,53.8,55.6599,57.3424,57.2735,1.1214,762821.0,-0.0618,54.1941,53.3879,0.8063,55.8067,62.0,54.7361
2026-08-25,GOOGL,candidate,2026-08-25,254,trend_only,10,12,83.33,"[""pullback_ok"", ""bullish_turn_ok""]","Cumple tendencia, pero todavía no hay retroceso/vela señal válida.",True,True,False,False,True,True,True,True,True,True,True,False,False,False,False,False,True,True,True,346.96,347.628,351.3206,333.4388,6.3586,26147873.0,-0.0124,350.5102,344.9741,5.536,361.5822,9.0,354.0153
2026-08-25,IBE.MC,candidate,2026-08-24,257,trend_only,10,12,83.33,"[""pullback_ok"", ""bullish_turn_ok""]","Cumple tendencia, pero todavía no hay retroceso/vela señal válida.",True,True,False,False,True,True,True,True,True,True,True,False,False,True,False,False,True,True,True,20.03,20.4049,20.7779,19.2279,0.2136,6817494.0,-0.036,20.1201,19.8986,0.2215,20.563,225.0,20.3213
2026-08-25,ITX.MC,candidate,2026-08-24,257,almost_valid,11,12,91.67,"[""bullish_turn_ok""]","Tiene tendencia y parte del setup, pero le falta alguna condición final.",True,True,False,False,True,True,True,True,True,True,True,True,False,False,True,True,True,True,True,58.42,57.4601,56.2652,53.4333,0.9343,1277952.0,0.0383,58.8988,58.0266,0.8723,60.6434,57.0,59.4878
2026-08-25,IWM,candidate,2026-08-25,254,valid_signal,12,12,100.0,[],Cumple todos los filtros y genera señal operable.,True,True,True,True,True,True,True,True,True,True,True,True,True,True,True,True,True,True,True,299.23,299.1601,296.9558,269.6908,2.8279,18733045.0,0.0077,300.0698,297.6872,2.3825,304.8348,20.0,302.8976
2026-08-25,META,candidate,2026-08-25,254,rejected,9,12,75.0,"[""close_above_sma200"", ""sma50_above_sma200"", ""pullback_ok""]",No cumple los filtros mínimos de tendencia/liquidez/precio.,True,False,False,False,True,True,True,True,False,False,True,False,True,True,False,False,True,True,True,570.05,575.0598,592.8644,622.7098,16.4121,17335297.0,-0.0385,571.3708,559.7589,11.6119,594.5946,4.0,577.0845
2026-08-25,MSFT,candidate,2026-08-25,254,rejected,9,12,75.0,"[""sma50_above_sma200"", ""distance_sma50_ok"", ""pullback_ok""]",No cumple los filtros mínimos de tendencia/liquidez/precio.,True,False,False,False,True,True,True,True,True,False,False,False,True,True,True,True,False,True,True,491.71,472.9539,423.0801,429.262,9.3802,35460780.0,0.1622,492.9274,483.362,9.5655,512.0584,5.0,497.8567
2026-08-25,NVDA,candidate,2026-08-25,254,valid_signal,12,12,100.0,[],Cumple todos los filtros y genera señal operable.,True,True,True,True,True,True,True,True,True,True,True,True,True,True,True,True,True,True,True,213.05,214.6214,207.8064,195.2619,5.5999,114939456.0,0.0252,214.9438,209.55,5.3938,225.7315,9.0,217.0933
2026-08-25,QQQ,candidate,2026-08-25,254,trend_only,10,12,83.33,"[""pullback_ok"", ""bullish_turn_ok""]","Cumple tendencia, pero todavía no hay retroceso/vela señal válida.",True,True,False,False,True,True,True,True,True,True,True,False,False,False,True,False,True,True,True,710.72,713.3579,712.9487,652.6379,8.4114,37792230.0,-0.0031,714.754,706.6089,8.1451,731.0443,6.0,721.9016
2026-08-25,REP.MC,candidate,2026-08-24,257,rejected,10,12,83.33,"[""distance_sma50_ok"", ""bullish_turn_ok""]",No cumple los filtros mínimos de tendencia/liquidez/precio.,True,False,False,False,True,True,True,True,True,True,False,True,False,False,True,True,True,True,True,27.09,26.4638,24.26,20.1071,0.6236,2724002.0,0.1167,27.9579,26.9676,0.9903,29.9385,50.0,28.2375
2026-08-25,SAN.MC,candidate,2026-08-24,257,valid_signal,12,12,100.0,[],Cumple todos los filtros y genera señal operable.,True,True,True,True,True,True,True,True,True,True,True,True,True,True,True,True,True,True,True,12.702,12.5142,12.234,10.5943,0.2256,20330033.0,0.0383,12.7567,12.4954,0.2613,13.2793,191.0,12.8843
2026-08-25,SPY,market_index,,254,market_ok,0,0,0.0,,Filtro de mercado general usado para permitir/bloquear nuevas entradas.,True,False,False,False,False,False,False,False,False,False,False,False,False,False,False,False,False,False,False,,,,,,,,,,,,,
2026-08-25,TSLA,candidate,2026-08-25,254,rejected,8,12,66.67,"[""close_above_sma200"", ""sma50_above_sma200"", ""pullback_ok"", ""bullish_turn_ok""]",No cumple los filtros mínimos de tendencia/liquidez/precio.,True,False,False,False,True,True,True,True,False,False,True,False,False,False,False,False,True,True,True,350.25,343.4635,363.73,402.2847,12.0214,34295875.0,-0.0371,357.357,347.9981,9.3589,376.0747,5.0,360.9306
2026-08-27,AAPL,candidate,2026-08-26,253,almost_valid,11,12,91.67,"[""pullback_ok""]","Tiene tendencia y parte del setup, pero le falta alguna condición final.",True,True,False,False,True,True,True,True,True,True,True,False,True,True,True,False,True,True,True,313.45,311.7811,311.0192,281.6621,5.9462,49847592.0,0.0078,315.7454,308.2055,7.5399,330.8253,6.0,318.9029
2026-08-27,AMZN,candidate,2026-08-26,253,almost_valid,11,12,91.67,"[""bullish_turn_ok""]","Tiene tendencia y parte del setup, pero le falta alguna condición final.",True,True,False,False,True,True,True,True,True,True,True,True,False,True,True,True,True,True,True,260.28,260.8538,250.8754,238.5303,5.5214,45466770.0,0.0375,262.312,257.6878,4.6242,271.5604,10.0,264.9352
2026-08-27,BBVA.MC,candidate,2026-08-25,256,almost_valid,11,12,91.67,"[""bullish_turn_ok""]","Tiene tendencia y parte del setup, pero le falta alguna condición final.",True,True,False,False,True,True,True,True,True,True,True,True,False,False,True,True,True,True,True,24.69,24.3926,23.1522,20.0381,0.3929,6742949.0,0.0664,25.1852,24.5307,0.6544,26.4941,76.0,25.437
2026-08-27,CABK.MC,candidate,2026-08-25,256,almost_valid,11,12,91.67,"[""bullish_turn_ok""]","Tiene tendencia y parte del setup, pero le falta alguna condición final.",True,True,False,False,True,True,True,True,True,True,True,True,False,False,True,True,True,True,True,13.205,12.902,12.7048,10.9027,0.2079,5404485.0,0.0394,13.3834,13.1092,0.2742,13.9317,182.0,13.5172
2026-08-27,FER.MC,candidate,2026-08-25,256,rejected,8,12,66.67,"[""close_above_sma200"", ""sma50_above_sma200"", ""pullback_ok"", ""bullish_turn_ok""]",No cumple los filtros mínimos de tendencia/liquidez/precio.,True,False,False,False,True,True,True,True,False,False,True,False,False,False,False,False,True,True,True,54.1,55.5113,57.2264,57.2731,1.14,683723.0,-0.0546,54.8348,53.786,1.0488,56.9323,47.0,55.3831
2026-08-27,GOOGL,candidate,2026-08-26,253,trend_only,10,12,83.33,"[""pullback_ok"", ""bullish_turn_ok""]","Cumple tendencia, pero todavía no hay retroceso/vela señal válida.",True,True,False,False,True,True,True,True,True,True,True,False,False,False,False,False,True,True,True,342.0,347.092,350.7736,333.7279,6.3257,25779987.0,-0.025,347.2269,339.5474,7.6795,362.5858,6.0,350.6992
2026-08-27,IBE.MC,candidate,2026-08-26,257,almost_valid,11,12,91.67,"[""pullback_ok""]","Tiene tendencia y parte del setup, pero le falta alguna condición final.",True,True,False,False,True,True,True,True,True,True,True,False,True,True,False,False,True,True,True,20.16,20.3579,20.7743,19.2585,0.195,6687849.0,-0.0296,20.2402,20.0605,0.1797,20.5997,278.0,20.4352
2026-08-27,ITX.MC,candidate,2026-08-25,256,almost_valid,11,12,91.67,"[""bullish_turn_ok""]","Tiene tendencia y parte del setup, pero le falta alguna condición final.",True,True,False,False,True,True,True,True,True,True,True,True,False,False,True,True,True,True,True,58.28,57.5382,56.312,53.4868,0.9129,1240056.0,0.0349,58.9389,58.0287,0.9102,60.7592,54.0,59.5283
2026-08-27,IWM,candidate,2026-08-26,253,almost_valid,11,12,91.67,"[""bullish_turn_ok""]","Tiene tendencia y parte del setup, pero le falta alguna condición final.",True,True,False,False,True,True,True,True,True,True,True,True,False,False,True,True,True,True,True,298.93,299.1382,297.0416,269.9927,2.7118,17590450.0,0.0064,300.25,297.8838,2.3661,304.9822,21.0,302.9617
2026-08-27,META,candidate,2026-08-26,253,rejected,8,12,66.67,"[""close_above_sma200"", ""sma50_above_sma200"", ""pullback_ok"", ""bullish_turn_ok""]",No cumple los filtros mínimos de tendencia/liquidez/precio.,True,False,False,False,True,True,True,True,False,False,True,False,False,False,False,False,False,True,True,576.14,575.1626,592.5176,622.5039,17.9846,17778610.0,-0.0276,593.8633,560.1465,33.7167,661.2968,1.0,599.8019
2026-08-27,MSFT,candidate,2026-08-26,253,rejected,9,12,75.0,"[""sma50_above_sma200"", ""distance_sma50_ok"", ""pullback_ok""]",No cumple los filtros mínimos de tendencia/liquidez/precio.,True,False,False,False,True,True,True,True,True,False,False,False,True,True,True,True,False,True,True,496.37,475.184,425.0273,429.2786,9.096,34118944.0,0.1679,497.8974,486.4004,11.497,520.8914,4.0,502.8764
2026-08-27,NVDA,candidate,2026-08-26,253,almost_valid,11,12,91.67,"[""bullish_turn_ok""]","Tiene tendencia y parte del setup, pero le falta alguna condición final.",True,True,False,False,True,True,True,True,True,True,True,True,False,False,True,True,True,True,True,209.66,214.1489,207.7506,195.371,5.4386,114902304.0,0.0092,213.8136,208.6861,5.1275,224.0685,9.0,215.9517
2026-08-27,QQQ,candidate,2026-08-26,253,almost_valid,11,12,91.67,"[""pullback_ok""]","Tiene tendencia y parte del setup, pero le falta alguna condición final.",True,True,False,False,True,True,True,True,True,True,True,False,True,True,True,False,True,True,True,711.37,713.1686,712.3125,653.1475,7.9991,35874749.0,-0.0013,713.731,707.1701,6.561,726.853,7.0,720.8683
2026-08-27,REP.MC,candidate,2026-08-25,256,rejected,10,12,83.33,"[""distance_sma50_ok"", ""bullish_turn_ok""]",No cumple los filtros mínimos de tendencia/liquidez/precio.,True,False,False,False,True,True,True,True,True,True,False,True,False,False,True,True,True,True,True,26.92,26.5072,24.3737,20.1639,0.6021,2691654.0,0.1045,27.3273,26.7698,0.5575,28.4423,89.0,27.6006
2026-08-27,SAN.MC,candidate,2026-08-25,256,almost_valid,11,12,91.67,"[""bullish_turn_ok""]","Tiene tendencia y parte del setup, pero le falta alguna condición final.",True,True,False,False,True,True,True,True,True,True,True,True,False,False,True,True,True,True,True,12.58,12.5205,12.253,10.6119,0.2369,20289187.0,0.0267,12.8308,12.4803,0.3505,13.5318,142.0,12.9591
2026-08-27,SPY,market_index,,253,market_ok,0,0,0.0,,Filtro de mercado general usado para permitir/bloquear nuevas entradas.,True,False,False,False,False,False,False,False,False,False,False,False,False,False,False,False,False,False,False,,,,,,,,,,,,,
2026-08-27,TSLA,candidate,2026-08-26,253,rejected,8,12,66.67,"[""close_above_sma200"", ""sma50_above_sma200"", ""pullback_ok"", ""bullish_turn_ok""]",No cumple los filtros mínimos de tendencia/liquidez/precio.,True,False,False,False,True,True,True,True,False,False,True,False,False,False,False,False,True,True,True,345.82,343.6879,362.4234,401.7843,12.1586,33739303.0,-0.0458,352.2819,341.3141,10.9678,374.2175,4.0,355.8047
2026-08-28,AAPL,candidate,2026-08-27,254,almost_valid,11,12,91.67,"[""pullback_ok""]","Tiene tendencia y parte del setup, pero le falta alguna condición final.",True,True,False,False,True,True,True,True,True,True,True,False,True,True,True,False,True,True,True,314.58,312.0477,311.3311,281.8976,6.0843,47747550.0,0.0104,315.7154,308.7916,6.9238,329.5631,7.0,318.8725
2026-08-28,AMZN,candidate,2026-08-27,254,almost_valid,11,12,91.67,"[""bullish_turn_ok""]","Tiene tendencia y parte del setup, pero le falta alguna condición final.",True,True,False,False,True,True,True,True,True,True,True,True,False,False,True,True,True,True,True,256.26,260.4163,251.0806,238.5895,5.465,42210355.0,0.0206,259.9197,254.4735,5.4462,270.812,9.0,262.5189
2026-08-28,BBVA.MC,candidate,2026-08-26,257,valid_signal,12,12,100.0,[],Cumple todos los filtros y genera señal operable.,True,True,True,True,True,True,True,True,True,True,True,True,True,True,True,True,True,True,True,24.95,24.4457,23.2184,20.0731,0.3771,6549511.0,0.0746,25.1151,24.7023,0.4128,25.9407,121.0,25.3662
2026-08-28,CABK.MC,candidate,2026-08-26,257,almost_valid,11,12,91.67,"[""bullish_turn_ok""]","Tiene tendencia y parte del setup, pero le falta alguna condición final.",True,True,False,False,True,True,True,True,True,True,True,True,False,False,True,True,True,True,True,13.205,12.9308,12.7162,10.9235,0.2032,4516390.0,0.0384,13.3383,13.1197,0.2186,13.7756,228.0,13.4717
2026-08-28,FER.MC,candidate,2026-08-26,257,rejected,8,12,66.67,"[""close_above_sma200"", ""sma50_above_sma200"", ""pullback_ok"", ""bullish_turn_ok""]",No cumple los filtros mínimos de tendencia/liquidez/precio.,True,False,False,False,True,True,True,True,False,False,True,False,False,False,False,False,True,True,True,51.42,55.1217,57.0436,57.2585,1.27,696310.0,-0.0986,53.7937,51.273,2.5207,58.8352,19.0,54.3317
2026-08-28,GOOGL,candidate,2026-08-27,254,trend_only,10,12,83.33,"[""pullback_ok"", ""bullish_turn_ok""]","Cumple tendencia, pero todavía no hay retroceso/vela señal válida.",True,True,False,False,True,True,True,True,True,True,True,False,False,True,False,False,True,True,True,340.65,346.4785,350.1216,334.0397,6.2086,25455500.0,-0.0271,342.0317,337.8991,4.1326,350.2968,12.0,345.452
2026-08-28,IBE.MC,candidate,2026-08-26,257,almost_valid,11,12,91.67,"[""pullback_ok""]","Tiene tendencia y parte del setup, pero le falta alguna condición final.",True,True,False,False,True,True,True,True,True,True,True,False,True,True,False,False,True,True,True,20.16,20.3579,20.7743,19.2585,0.195,6687849.0,-0.0296,20.2402,20.0605,0.1797,20.5997,278.0,20.4352
2026-08-28,ITX.MC,candidate,2026-08-26,257,almost_valid,11,12,91.67,"[""bullish_turn_ok""]","Tiene tendencia y parte del setup, pero le falta alguna condición final.",True,True,False,False,True,True,True,True,True,True,True,True,False,False,True,True,True,True,True,58.26,57.6069,56.3484,53.5332,0.8957,1214843.0,0.0339,58.8188,58.0904,0.7283,60.2754,68.0,59.4069
2026-08-28,IWM,candidate,2026-08-27,254,valid_signal,12,12,100.0,[],Cumple todos los filtros y genera señal operable.,True,True,True,True,True,True,True,True,True,True,True,True,True,True,True,True,True,True,True,299.81,299.2021,297.1962,270.2927,2.5993,17171445.0,0.0088,300.6203,297.8801,2.7402,306.1008,18.0,303.2196
2026-08-28,META,candidate,2026-08-27,254,rejected,8,12,66.67,"[""close_above_sma200"", ""sma50_above_sma200"", ""pullback_ok"", ""bullish_turn_ok""]",No cumple los filtros mínimos de tendencia/liquidez/precio.,True,False,False,False,True,True,True,True,False,False,True,False,False,False,False,False,False,True,True,571.1,574.7757,591.9354,622.2589,18.5407,16436050.0,-0.0352,588.9784,565.7659,23.2125,635.4034,2.0,594.8682
2026-08-28,MSFT,candidate,2026-08-27,254,rejected,9,12,75.0,"[""sma50_above_sma200"", ""distance_sma50_ok"", ""pullback_ok""]",No cumple los filtros mínimos de tendencia/liquidez/precio.,True,False,False,False,True,True,True,True,True,False,False,False,True,True,True,True,False,True,True,505.06,478.0294,427.2667,429.3401,9.8076,30081455.0,0.1821,506.9865,489.0992,17.8873,542.761,2.0,512.0564
2026-08-28,NVDA,candidate,2026-08-27,254,rejected,11,12,91.67,"[""distance_sma50_ok""]",No cumple los filtros mínimos de tendencia/liquidez/precio.,True,False,True,False,True,True,True,True,True,True,False,True,True,True,True,True,True,True,True,227.98,215.4662,208.162,195.5713,6.5129,125104845.0,0.0952,230.7005,220.2487,10.4518,251.604,4.0,233.0075
2026-08-28,QQQ,candidate,2026-08-27,254,almost_valid,11,12,91.67,"[""pullback_ok""]","Tiene tendencia y parte del setup, pero le falta alguna condición final.",True,True,False,False,True,True,True,True,True,True,True,False,True,True,True,False,True,True,True,721.11,713.9249,712.1535,653.7155,8.0707,34064815.0,0.0126,722.0713,713.723,8.3484,738.7681,5.0,729.292
2026-08-28,REP.MC,candidate,2026-08-26,257,rejected,10,12,83.33,"[""distance_sma50_ok"", ""bullish_turn_ok""]",No cumple los filtros mínimos de tendencia/liquidez/precio.,True,False,False,False,True,True,True,True,True,True,False,True,False,True,True,True,True,True,True,26.89,26.5437,24.4859,20.2187,0.61,2380641.0,0.0982,26.977,26.389,0.5879,28.1529,85.0,27.2467
2026-08-28,SAN.MC,candidate,2026-08-26,257,valid_signal,12,12,100.0,[],Cumple todos los filtros y genera señal operable.,True,True,True,True,True,True,True,True,True,True,True,True,True,True,True,True,True,True,True,12.71,12.5385,12.2692,10.6295,0.2316,19963395.0,0.0359,12.7908,12.5968,0.1939,13.1786,257.0,12.9187
2026-08-28,SPY,market_index,,254,market_ok,0,0,0.0,,Filtro de mercado general usado para permitir/bloquear nuevas entradas.,True,False,False,False,False,False,False,False,False,False,False,False,False,False,False,False,False,False,False,,,,,,,,,,,,,
2026-08-28,TSLA,candidate,2026-08-27,254,rejected,9,12,75.0,"[""close_above_sma200"", ""sma50_above_sma200"", ""pullback_ok""]",No cumple los filtros mínimos de tendencia/liquidez/precio.,True,False,False,False,True,True,True,True,False,False,True,False,True,True,True,False,True,True,True,354.81,344.7472,361.4264,401.4107,11.8793,33358505.0,-0.0183,356.0957,344.2621,11.8336,379.763,4.0,359.6567
2026-08-29,AAPL,candidate,2026-08-28,255,almost_valid,11,12,91.67,"[""pullback_ok""]","Tiene tendencia y parte del setup, pero le falta alguna condición final.",True,True,False,False,True,True,True,True,True,True,True,False,True,True,True,False,False,True,True,319.7,312.7765,311.8112,282.1526,6.0371,43050864.0,0.0253,322.6924,314.8467,7.8457,338.3837,6.0,325.9193
2026-08-29,AMZN,candidate,2026-08-28,255,valid_signal,12,12,100.0,[],Cumple todos los filtros y genera señal operable.,True,True,True,True,True,True,True,True,True,True,True,True,True,True,True,True,True,True,True,266.43,260.989,251.6592,238.6797,5.805,38227500.0,0.0587,267.8276,257.1995,10.6281,289.0837,4.0,270.5058
2026-08-29,BBVA.MC,candidate,2026-08-27,258,almost_valid,11,12,91.67,"[""bullish_turn_ok""]","Tiene tendencia y parte del setup, pero le falta alguna condición final.",True,True,False,False,True,True,True,True,True,True,True,True,False,False,True,True,True,True,True,24.66,24.4661,23.2818,20.1049,0.3786,6068865.0,0.0592,25.055,24.6021,0.4529,25.9608,110.0,25.3056
2026-08-29,CABK.MC,candidate,2026-08-27,258,almost_valid,11,12,91.67,"[""bullish_turn_ok""]","Tiene tendencia y parte del setup, pero le falta alguna condición final.",True,True,False,False,True,True,True,True,True,True,True,True,False,False,True,True,True,True,True,13.1,12.9469,12.7268,10.9425,0.2036,4297901.0,0.0293,13.2883,13.0546,0.2336,13.7555,214.0,13.4212
2026-08-29,FER.MC,candidate,2026-08-27,258,rejected,8,12,66.67,"[""close_above_sma200"", ""sma50_above_sma200"", ""pullback_ok"", ""bullish_turn_ok""]",No cumple los filtros mínimos de tendencia/liquidez/precio.,True,False,False,False,True,True,True,True,False,False,True,False,False,False,False,False,True,True,True,50.66,54.6968,56.8456,57.2372,1.2914,706089.0,-0.1088,51.6516,50.1709,1.4807,54.6131,33.0,52.1681
2026-08-29,GOOGL,candidate,2026-08-28,255,almost_valid,11,12,91.67,"[""pullback_ok""]","Tiene tendencia y parte del setup, pero le falta alguna condición final.",True,True,False,False,True,True,True,True,True,True,True,False,True,True,False,False,True,True,True,346.59,346.4891,349.7776,334.325,6.4921,24394600.0,-0.0091,349.4892,339.6208,9.8684,369.2259,5.0,352.984
2026-08-29,IBE.MC,candidate,2026-08-27,258,trend_only,10,12,83.33,"[""pullback_ok"", ""bullish_turn_ok""]","Cumple tendencia, pero todavía no hay retroceso/vela señal válida.",True,True,False,False,True,True,True,True,True,True,True,False,False,True,False,False,True,True,True,20.06,20.3295,20.7668,19.2723,0.1946,6463004.0,-0.034,20.2002,19.8655,0.3346,20.8695,149.0,20.3948
2026-08-29,ITX.MC,candidate,2026-08-27,258,almost_valid,11,12,91.67,"[""bullish_turn_ok""]","Tiene tendencia y parte del setup, pero le falta alguna condición final.",True,True,False,False,True,True,True,True,True,True,True,True,False,False,True,True,True,True,True,57.7,57.6158,56.3724,53.5766,0.9386,1185159.0,0.0236,58.5185,57.2661,1.2523,61.0231,39.0,59.1036
2026-08-29,IWM,candidate,2026-08-28,255,trend_only,10,12,83.33,"[""pullback_ok"", ""bullish_turn_ok""]","Cumple tendencia, pero todavía no hay retroceso/vela señal válida.",True,True,False,False,True,True,True,True,True,True,True,False,False,False,True,False,True,True,True,295.75,298.8734,297.3136,270.5604,2.7593,16701593.0,-0.0053,300.6904,295.3941,5.2963,311.283,9.0,303.4497
2026-08-29,META,candidate,2026-08-28,255,rejected,8,12,66.67,"[""close_above_sma200"", ""sma50_above_sma200"", ""pullback_ok"", ""bullish_turn_ok""]",No cumple los filtros mínimos de tendencia/liquidez/precio.,True,False,False,False,True,True,True,True,False,False,True,False,False,False,False,False,False,True,True,578.02,575.0847,592.1442,621.9984,18.6786,16003154.0,-0.0239,589.7792,569.2122,20.567,630.9133,2.0,595.677
2026-08-29,MSFT,candidate,2026-08-28,255,rejected,10,12,83.33,"[""distance_sma50_ok"", ""pullback_ok""]",No cumple los filtros mínimos de tendencia/liquidez/precio.,True,False,False,False,True,True,True,True,True,True,False,False,True,True,True,True,False,True,True,513.53,481.4104,429.9734,429.3984,9.7504,28488802.0,0.1943,518.2978,503.8925,14.4054,547.1085,3.0,523.4808
2026-08-29,NVDA,candidate,2026-08-28,255,almost_valid,11,12,91.67,"[""bullish_turn_ok""]","Tiene tendencia y parte del setup, pero le falta alguna condición final.",True,True,False,False,True,True,True,True,True,True,True,True,False,False,True,True,True,True,True,217.55,215.6646,208.42,195.6651,6.875,127842524.0,0.0438,229.4893,216.1325,13.3567,256.2027,3.0,231.7841
2026-08-29,QQQ,candidate,2026-08-28,255,trend_only,10,12,83.33,"[""pullback_ok"", ""bullish_turn_ok""]","Cumple tendencia, pero todavía no hay retroceso/vela señal válida.",True,True,False,False,True,True,True,True,True,True,True,False,False,False,True,False,True,True,True,716.43,714.1635,712.0477,654.1928,8.4064,33237176.0,0.0062,724.8491,714.2444,10.6047,746.0586,4.0,732.0976
2026-08-29,REP.MC,candidate,2026-08-27,258,almost_valid,11,12,91.67,"[""bullish_turn_ok""]","Tiene tendencia y parte del setup, pero le falta alguna condición final.",True,True,False,False,True,True,True,True,True,True,True,True,False,False,True,True,True,True,True,26.37,26.5271,24.5984,20.2715,0.595,2248752.0,0.072,26.9169,26.2205,0.6964,28.3097,71.0,27.1861
2026-08-29,SAN.MC,candidate,2026-08-27,258,almost_valid,11,12,91.67,"[""bullish_turn_ok""]","Tiene tendencia y parte del setup, pero le falta alguna condición final.",True,True,False,False,True,True,True,True,True,True,True,True,False,False,True,True,True,True,True,12.542,12.5389,12.2824,10.6449,0.2297,19541829.0,0.0211,12.7848,12.507,0.2777,13.3403,180.0,12.9126
2026-08-29,SPY,market_index,,255,market_ok,0,0,0.0,,Filtro de mercado general usado para permitir/bloquear nuevas entradas.,True,False,False,False,False,False,False,False,False,False,False,False,False,False,False,False,False,False,False,,,,,,,,,,,,,
2026-08-29,TSLA,candidate,2026-08-28,255,rejected,8,12,66.67,"[""close_above_sma200"", ""sma50_above_sma200"", ""pullback_ok"", ""bullish_turn_ok""]",No cumple los filtros mínimos de tendencia/liquidez/precio.,True,False,False,False,True,True,True,True,False,False,True,False,False,False,True,False,True,True,True,348.75,345.1284,360.4738,400.9283,12.4293,33171602.0,-0.0325,359.1588,343.9571,15.2017,389.5622,3.0,362.7504
2026-09-01,AAPL,candidate,2026-08-31,253,trend_only,10,12,83.33,"[""pullback_ok"", ""bullish_turn_ok""]","Cumple tendencia, pero todavía no hay retroceso/vela señal válida.",True,True,False,False,True,True,True,True,True,True,True,False,False,False,True,False,True,True,True,316.85,313.1644,312.1932,282.3644,6.1232,41337116.0,0.0149,321.5562,312.2377,9.3185,340.1933,5.0,324.7718
2026-09-01,AMZN,candidate,2026-08-31,253,almost_valid,11,12,91.67,"[""bullish_turn_ok""]","Tiene tendencia y parte del setup, pero le falta alguna condición final.",True,True,False,False,True,True,True,True,True,True,True,True,False,False,True,True,True,True,True,259.77,260.8729,251.9668,238.733,5.9336,35964740.0,0.031,264.6243,256.5566,8.0677,280.7598,6.0,267.2706
2026-09-01,BBVA.MC,candidate,2026-08-28,256,valid_signal,12,12,100.0,[],Cumple todos los filtros y genera señal operable.,True,True,True,True,True,True,True,True,True,True,True,True,True,True,True,True,True,True,True,25.04,24.5208,23.3558,20.1387,0.3771,5852230.0,0.0721,25.0851,24.6823,0.4028,25.8906,124.0,25.3359
2026-09-01,CABK.MC,candidate,2026-08-28,256,almost_valid,11,12,91.67,"[""bullish_turn_ok""]","Tiene tendencia y parte del setup, pero le falta alguna condición final.",True,True,False,False,True,True,True,True,True,True,True,True,False,False,True,True,True,True,True,13.15,12.9663,12.7369,10.962,0.2025,4024138.0,0.0324,13.2733,13.0597,0.2135,13.7003,234.0,13.406
2026-09-01,FER.MC,candidate,2026-08-28,256,rejected,8,12,66.67,"[""close_above_sma200"", ""sma50_above_sma200"", ""pullback_ok"", ""bullish_turn_ok""]",No cumple los filtros mínimos de tendencia/liquidez/precio.,True,False,False,False,True,True,True,True,False,False,True,False,False,False,False,False,True,True,True,50.72,54.318,56.6536,57.2167,1.2829,694310.0,-0.1047,51.2112,50.2317,0.9794,53.17,51.0,51.7233
2026-09-01,GOOGL,candidate,2026-08-31,253,trend_only,10,12,83.33,"[""pullback_ok"", ""bullish_turn_ok""]","Cumple tendencia, pero todavía no hay retroceso/vela señal válida.",True,True,False,False,True,True,True,True,True,True,True,False,False,False,False,False,True,True,True,339.35,345.8092,349.204,334.568,6.1567,24130693.0,-0.0282,344.9346,336.5403,8.3943,361.7231,5.0,348.3839
2026-09-01,IBE.MC,candidate,2026-08-28,256,almost_valid,11,12,91.67,"[""pullback_ok""]","Tiene tendencia y parte del setup, pero le falta alguna condición final.",True,True,False,False,True,True,True,True,True,True,True,False,True,True,False,False,True,True,True,20.28,20.3248,20.764,19.2867,0.2061,6342757.0,-0.0233,20.4104,20.1094,0.301,21.0124,166.0,20.6145
2026-09-01,ITX.MC,candidate,2026-08-28,256,valid_signal,12,12,100.0,[],Cumple todos los filtros y genera señal operable.,True,True,True,True,True,True,True,True,True,True,True,True,True,True,True,True,True,True,True,58.32,57.6829,56.424,53.6277,0.9443,1146880.0,0.0336,58.4784,57.4656,1.0128,60.5041,49.0,59.0632
2026-09-01,IWM,candidate,2026-08-31,253,trend_only,10,12,83.33,"[""pullback_ok"", ""bullish_turn_ok""]","Cumple tendencia, pero todavía no hay retroceso/vela señal válida.",True,True,False,False,True,True,True,True,True,True,True,False,False,False,True,False,True,True,True,293.93,298.4026,297.2804,270.818,2.8332,16586765.0,-0.0113,295.6454,292.4217,3.2237,302.0927,15.0,298.4786
2026-09-01,META,candidate,2026-08-31,253,rejected,8,12,66.67,"[""close_above_sma200"", ""sma50_above_sma200"", ""pullback_ok"", ""bullish_turn_ok""]",No cumple los filtros mínimos de tendencia/liquidez/precio.,True,False,False,False,True,True,True,True,False,False,True,False,False,False,False,False,True,True,True,572.34,574.8233,592.0466,621.7328,18.0062,15392243.0,-0.0333,579.2537,567.338,11.9157,603.085,4.0,585.0462
2026-09-01,MSFT,candidate,2026-08-31,253,rejected,9,12,75.0,"[""distance_sma50_ok"", ""pullback_ok"", ""bullish_turn_ok""]",No cumple los filtros mínimos de tendencia/liquidez/precio.,True,False,False,False,True,True,True,True,True,True,False,False,False,False,True,True,False,True,True,507.29,483.8751,432.5454,429.4122,9.7953,26493792.0,0.1728,512.7022,505.4205,7.2817,527.2657,6.0,517.8292
2026-09-01,NVDA,candidate,2026-08-31,253,valid_signal,12,12,100.0,[],Cumple todos los filtros y genera señal operable.,True,True,True,True,True,True,True,True,True,True,True,True,True,True,True,True,True,True,True,220.78,216.1518,208.6218,195.8044,6.81,127651391.0,0.0583,221.5113,215.529,5.9823,233.4758,8.0,223.7264
2026-09-01,QQQ,candidate,2026-08-31,253,almost_valid,11,12,91.67,"[""pullback_ok""]","Tiene tendencia y parte del setup, pero le falta alguna condición final.",True,True,False,False,True,True,True,True,True,True,True,False,True,True,True,False,True,True,True,716.76,714.4108,711.5868,654.6801,8.1611,32590707.0,0.0073,718.2926,712.3439,5.9487,730.19,8.0,725.4755
2026-09-01,REP.MC,candidate,2026-08-28,256,valid_signal,12,12,100.0,[],Cumple todos los filtros y genera señal operable.,True,True,True,True,True,True,True,True,True,True,True,True,True,True,True,True,True,True,True,26.6,26.5341,24.71,20.324,0.58,2201872.0,0.0765,26.7267,26.402,0.3247,27.3761,153.0,26.994
2026-09-01,SAN.MC,candidate,2026-08-28,256,valid_signal,12,12,100.0,[],Cumple todos los filtros y genera señal operable.,True,True,True,True,True,True,True,True,True,True,True,True,True,True,True,True,True,True,True,12.712,12.5554,12.3006,10.6613,0.2326,18936818.0,0.0334,12.7507,12.5827,0.168,13.0867,297.0,12.8782
2026-09-01,SPY,market_index,,253,market_ok,0,0,0.0,,Filtro de mercado general usado para permitir/bloquear nuevas entradas.,True,False,False,False,False,False,False,False,False,False,False,False,False,False,False,False,False,False,False,,,,,,,,,,,,,
2026-09-01,TSLA,candidate,2026-08-31,253,rejected,9,12,75.0,"[""close_above_sma200"", ""sma50_above_sma200"", ""pullback_ok""]",No cumple los filtros mínimos de tendencia/liquidez/precio.,True,False,False,False,True,True,True,True,False,False,True,False,True,True,True,False,True,True,True,367.95,347.3019,359.823,400.57,13.5079,34320151.0,0.0226,369.2889,345.7992,23.4897,416.2684,2.0,372.9818
